,Unnamed: 0,tpep_pickup_datetime,tpep_dropoff_datetime,pickup_longitude,pickup_latitude,dropoff_longitude,dropoff_latitude,PULocationID,DOLocationID
0,0,2015-08-10 14:08:03,2015-08-11 13:58:31,-73.9955825805664,40.74428176879882,-74.00936889648438,40.715328216552734,60,91
1,1,2015-08-22 23:11:03,2015-08-22 23:16:56,-74.00635528564453,40.7334213256836,-74.0059814453125,40.73995590209961,73,80
2,2,2015-08-07 23:14:24,2015-08-07 23:31:24,-73.98701477050781,40.7588119506836,-73.95426177978516,40.78067779541016,121,133
3,3,2015-08-26 16:07:49,2015-08-26 16:16:00,-73.9911117553711,40.72775650024414,-73.99695587158203,40.73704147338867,112,45
4,4,2015-08-20 18:31:37,2015-08-20 18:45:12,-73.98260498046875,40.76268005371094,-73.96887969970702,40.76483154296875,64,128
5,5,2015-08-21 13:23:59,2015-08-21 13:28:22,-73.98731231689453,40.76536178588867,-73.99069213867188,40.76116943359375,23,23
6,6,2015-08-28 11:53:49,2015-08-28 12:22:38,-73.96484375,40.759857177734375,-74.00416564941406,40.7432861328125,57,124
7,7,2015-08-24 12:41:38,2015-08-24 12:46:17,-73.96891021728516,40.75030899047852,-73.95597076416014,40.76569366455078,175,170
8,8,2015-08-08 09:43:39,2015-08-08 09:50:55,-74.0052719116211,40.74059295654297,-73.98806762695312,40.75077819824219,80,48
9,9,2015-08-11 11:31:16,2015-08-11 11:40:14,-73.97838592529298,40.7568588256836,-73.9913558959961,40.73909378051758,63,109
10,10,2015-08-06 07:13:32,2015-08-06 07:25:14,-73.99956512451173,40.76150131225586,-73.9695053100586,40.76129150390625,79,97
11,11,2015-08-08 12:06:47,2015-08-08 12:15:38,-73.97018432617188,40.76830673217773,-73.9854736328125,40.74750518798828,83,111
12,12,2015-08-05 22:09:44,2015-08-05 22:18:00,-73.96286010742188,40.76820373535156,-73.9803237915039,40.7837028503418,17,69
13,13,2015-08-26 18:24:18,2015-08-26 18:39:58,-73.9847412109375,40.72829055786133,-73.95931243896483,40.76670837402344,169,155
14,14,2015-08-02 19:38:00,2015-08-02 19:43:09,-73.97539520263672,40.75114822387695,-73.96102905273438,40.760791778564446,119,126
15,15,2015-08-30 03:56:42,2015-08-30 04:06:55,-73.99500274658203,40.75511932373047,-73.99304962158203,40.72956085205078,76,116
16,16,2015-08-20 22:12:58,2015-08-20 22:21:10,-73.97312927246092,40.76383972167969,-73.97554779052734,40.78205871582031,128,27
17,17,2015-08-05 01:55:07,2015-08-05 02:06:55,-73.98036193847656,40.76261138916016,-73.9826431274414,40.72312545776367,64,106
18,18,2015-08-22 15:19:55,2015-08-22 15:37:33,-73.97711181640625,40.7513427734375,-73.99427032470702,40.7198371887207,119,94
19,19,2015-08-02 13:33:42,2015-08-02 13:41:43,-73.97770690917967,40.78874206542969,-73.95916748046875,40.79921340942384,34,83
20,20,2015-08-12 14:44:18,2015-08-12 15:01:05,-73.96193695068358,40.77391815185546,-73.97824859619139,40.757911682128906,40,63
21,21,2015-08-08 15:33:31,2015-08-08 16:03:44,-73.9932861328125,40.74734115600586,-73.94284057617188,40.805789947509766,180,6
22,22,2015-08-08 14:45:35,2015-08-08 14:48:04,-73.99668121337889,40.74441909790039,-73.9997787475586,40.73847579956056,60,159
23,23,2015-08-27 11:49:24,2015-08-27 12:06:24,-74.01577758789062,40.71144485473633,-73.9600830078125,40.76029586791992,149,126
24,24,2015-08-09 16:41:56,2015-08-09 16:50:11,-73.96784210205078,40.75547790527344,-73.98599243164062,40.72652053833008,145,106
25,25,2015-08-13 11:39:49,2015-08-13 11:49:13,-73.9933090209961,40.73096084594727,-74.00784301757811,40.72476959228516,116,114
26,26,2015-08-18 07:11:42,2015-08-18 07:21:37,-74.00021362304686,40.74277114868164,-73.97919464111328,40.752979278564446,72,63
27,27,2015-08-30 03:09:31,2015-08-30 03:18:46,-73.96319580078125,40.71114349365234,-73.98365020751953,40.72589111328125,-1,106
28,28,2015-08-26 11:59:14,2015-08-26 12:10:27,-73.96820831298828,40.76242065429688,-73.94558715820312,40.777530670166016,97,56
29,29,2015-08-01 10:07:20,2015-08-01 10:20:01,-73.98554229736328,40.74375915527344,-73.99452209472656,40.75185012817384,92,76
30,30,2015-08-23 08:01:29,2015-08-23 08:04:35,-73.973388671875,40.74813079833984,-73.9769058227539,40.73909378051758,156,137
31,31,2015-08-04 22:36:23,2015-08-04 22:47:58,-73.94829559326173,40.77459335327149,-73.97955322265625,40.74703979492188,139,66
32,32,2015-08-08 01:11:50,2015-08-08 01:20:09,-73.99212646484375,40.759101867675774,-73.98116302490233,40.7535514831543,36,1
33,33,2015-08-20 23:58:45,2015-08-21 00:20:54,-73.97977447509764,40.73517990112305,-73.99375915527344,40.75877380371094,167,36
34,34,2015-08-19 17:24:34,2015-08-19 17:38:36,-73.97224426269531,40.755474090576165,-73.96751403808595,40.76850509643555,63,17
35,35,2015-08-07 16:36:37,2015-08-07 16:40:26,-73.94971466064453,40.77300643920898,-73.9550552368164,40.77917098999024,139,133
36,36,2015-08-01 09:25:09,2015-08-01 10:02:56,-73.94747161865233,40.77960586547852,-73.99176025390625,40.748977661132805,163,48
37,37,2015-08-29 13:04:59,2015-08-29 13:23:28,-73.99964141845702,40.72528839111328,-73.9967269897461,40.68344879150391,20,-1
38,38,2015-08-04 22:39:43,2015-08-04 22:55:30,-74.01331329345702,40.714805603027344,-73.98631286621094,40.76813507080078,91,96
39,39,2015-08-02 01:48:02,2015-08-02 01:58:27,-73.97288513183594,40.76105880737305,-73.94419860839844,40.80945587158203,158,58
40,40,2015-08-26 12:19:53,2015-08-26 12:34:04,-73.95371246337889,40.78475189208984,-73.96147918701173,40.76866912841797,102,40
41,41,2015-08-14 00:16:39,2015-08-14 00:23:13,-73.98458099365233,40.73701858520508,-73.99352264404298,40.721771240234375,25,3
42,42,2015-08-06 19:24:39,2015-08-06 19:58:17,-73.97583770751953,40.748634338378906,-73.99939727783203,40.6860237121582,38,-1
43,43,2015-08-28 18:10:14,2015-08-28 18:20:39,-73.97061920166014,40.76207733154297,-73.98037719726561,40.76527404785156,128,123
44,44,2015-08-02 20:58:52,2015-08-02 21:21:06,-73.95685577392578,40.77082824707031,-73.9864501953125,40.68992233276367,122,-1
45,45,2015-08-21 00:15:33,2015-08-21 00:21:29,-74.00027465820312,40.72716522216797,-73.99038696289062,40.73285675048828,101,116
46,46,2015-08-12 18:15:32,2015-08-12 18:29:10,-73.95645904541014,40.78126907348633,-73.95517730712889,40.76927947998047,30,122
47,47,2015-08-09 11:08:32,2015-08-09 11:10:18,-73.99931335449217,40.73409652709961,-73.99292755126953,40.7425651550293,45,92
48,48,2015-08-16 11:24:02,2015-08-16 11:32:21,-73.97193145751953,40.79704666137695,-73.95461273193358,40.78396987915039,7,28
49,49,2015-08-24 09:00:12,2015-08-24 09:05:42,0.0,0.0,0.0,0.0,-1,-1
50,50,2015-08-21 07:01:08,2015-08-21 07:07:25,-73.99507904052734,40.76033401489258,-73.9784164428711,40.757617950439446,79,63
51,51,2015-08-09 18:36:03,2015-08-09 18:56:35,-73.87071990966798,40.77365112304688,-73.97364044189453,40.75094985961913,-1,156
52,52,2015-08-14 11:48:09,2015-08-14 11:59:08,-73.97107696533203,40.74934768676758,-73.9510498046875,40.770538330078125,156,67
53,53,2015-08-12 23:22:56,2015-08-12 23:46:52,-73.8633270263672,40.77003860473633,-73.96125030517578,40.68871688842773,-1,-1
54,54,2015-08-19 17:21:57,2015-08-19 17:23:58,-73.96883392333984,40.76064682006836,-73.96434020996092,40.76441192626953,97,135
55,55,2015-08-29 11:55:16,2015-08-29 12:03:21,-74.01420593261719,40.70830535888672,-74.00157928466798,40.72236251831056,9,20
56,56,2015-08-21 15:30:05,2015-08-21 15:41:12,-74.00409698486328,40.70771026611328,-73.98200988769531,40.73223114013672,100,167
57,57,2015-08-02 01:57:28,2015-08-02 02:00:28,-73.95755004882812,40.769775390625,-73.96797943115233,40.75878143310546,155,57
58,58,2015-08-24 00:22:30,2015-08-24 00:37:51,-73.99114990234375,40.7496223449707,-73.95220947265625,40.78630065917969,48,102
59,59,2015-08-10 18:51:05,2015-08-10 19:37:27,-73.79037475585938,40.64373779296875,-74.01054382324217,40.717655181884766,-1,130
60,60,2015-08-28 19:48:01,2015-08-28 19:56:23,-73.97826385498048,40.754207611083984,-73.98224639892578,40.73990631103516,63,90
61,61,2015-08-02 11:47:30,2015-08-02 12:10:56,-73.99441528320312,40.750537872314446,-73.94776916503906,40.78456497192384,48,33
62,62,2015-08-31 07:30:28,2015-08-31 07:50:26,-73.9941177368164,40.751140594482415,-73.9763412475586,40.76408004760742,48,35
63,63,2015-08-25 19:13:18,2015-08-25 19:25:24,-74.00250244140625,40.73421096801758,-73.98199462890625,40.72813415527344,19,169
64,64,2015-08-09 15:56:56,2015-08-09 16:13:56,-73.98104858398438,40.77470397949219,0.0,0.0,8,-1
65,65,2015-08-30 00:11:45,2015-08-30 00:28:38,-74.00968933105469,40.72410202026367,-73.98249053955078,40.76347351074219,130,64
66,66,2015-08-28 11:26:00,2015-08-28 12:04:39,-73.78195953369139,40.64459991455078,-73.97125244140625,40.7649803161621,-1,128
67,67,2015-08-04 11:19:27,2015-08-04 11:39:50,-73.97439575195312,40.7559051513672,-73.98068237304686,40.76337814331056,63,123
68,68,2015-08-07 10:06:16,2015-08-07 10:26:50,-73.99279022216798,40.730293273925774,-73.99137878417967,40.75024032592773,116,48
69,69,2015-08-06 02:52:22,2015-08-06 03:03:47,-74.00911712646483,40.7109489440918,-73.9806900024414,40.76398086547852,9,123
70,70,2015-08-12 18:00:17,2015-08-12 18:20:49,-74.00711059570312,40.7288475036621,-73.98743438720702,40.76018524169922,73,64
71,71,2015-08-21 14:54:25,2015-08-21 15:16:47,-73.89997863769531,40.75412368774414,-73.886962890625,40.7358512878418,-1,-1
72,72,2015-08-09 14:39:28,2015-08-09 14:52:56,-73.98334503173827,40.73004531860352,-74.00507354736328,40.72495269775391,169,114
73,73,2015-08-23 18:27:08,2015-08-23 18:39:17,-73.98799896240233,40.72378921508789,-73.9763412475586,40.752689361572266,71,63
74,74,2015-08-20 13:31:17,2015-08-20 13:55:29,-73.98878479003906,40.744850158691406,-73.87216186523438,40.77431106567384,92,-1
75,75,2015-08-17 18:49:58,2015-08-17 19:08:45,-74.00760650634764,40.7054557800293,-73.99188232421875,40.75352478027344,52,48
76,76,2015-08-21 14:24:43,2015-08-21 14:46:49,-73.98336029052734,40.76678085327149,-73.99490356445312,40.740028381347656,96,72
77,77,2015-08-17 08:09:41,2015-08-17 08:21:41,-73.96026611328125,40.75816345214844,-73.97624206542967,40.75555419921875,173,63
78,78,2015-08-11 07:25:18,2015-08-11 08:16:15,-73.95258331298828,40.76656723022461,-74.00410461425781,40.70742034912109,170,52
79,79,2015-08-24 09:50:56,2015-08-24 09:55:36,-74.00045013427734,40.7314910888672,-73.99237823486328,40.725051879882805,101,3
80,80,2015-08-15 00:57:00,2015-08-15 01:12:53,-73.99030303955078,40.75676727294922,-73.97306823730467,40.7522850036621,36,175
81,81,2015-08-02 14:37:04,2015-08-02 14:52:47,-73.9898681640625,40.75675964355469,-73.9615478515625,40.81314849853516,121,125
82,82,2015-08-03 10:20:17,2015-08-03 10:56:58,-73.86267852783203,40.76895523071289,-73.98565673828125,40.744178771972656,-1,111
83,83,2015-08-03 18:08:59,2015-08-03 18:24:45,-73.99707794189453,40.7624397277832,-73.95591735839844,40.78456878662109,79,28
84,84,2015-08-07 22:36:48,2015-08-07 22:50:27,-73.98635864257811,40.74303817749024,-74.00448608398438,40.72266006469727,92,20
85,85,2015-08-01 15:46:59,2015-08-01 15:57:59,-73.98757934570312,40.76042556762695,-73.99365997314453,40.74993133544922,23,48
86,86,2015-08-27 21:01:12,2015-08-27 21:09:25,-74.00598907470702,40.74843597412109,-74.00125885009764,40.73461151123047,93,45
87,87,2015-08-02 09:53:02,2015-08-02 09:57:21,-73.99989318847656,40.73841094970703,-73.98681640625,40.745281219482415,159,111
88,88,2015-08-24 10:45:12,2015-08-24 11:02:12,-73.9459457397461,40.78042984008789,-73.86428833007811,40.769973754882805,143,-1
89,89,2015-08-07 19:23:30,2015-08-07 19:42:20,-73.99349975585938,40.725677490234375,-73.99234008789062,40.74961853027344,3,48
90,90,2015-08-01 08:12:39,2015-08-01 08:19:36,-73.9714584350586,40.75537490844727,-73.99105834960938,40.75056076049805,13,48
91,91,2015-08-07 15:57:54,2015-08-07 16:01:13,-73.97795104980467,40.752628326416016,-73.97708892822266,40.75336837768555,63,63
92,92,2015-08-15 19:09:06,2015-08-15 19:19:04,-73.98086547851561,40.74195098876953,-73.98899841308595,40.75862503051758,90,36
93,93,2015-08-20 07:42:29,2015-08-20 07:59:46,-73.993408203125,40.72773361206056,-73.97107696533203,40.75618362426758,3,13
94,94,2015-08-18 11:26:18,2015-08-18 11:32:22,-73.99703216552734,40.72561264038086,-73.99205017089844,40.73471832275391,101,116
95,95,2015-08-14 18:31:42,2015-08-14 18:38:43,-73.97940063476561,40.776809692382805,-73.97570037841797,40.791969299316406,8,78
96,96,2015-08-09 12:43:36,2015-08-09 12:53:34,-73.98457336425781,40.74790954589844,-74.00755310058594,40.74082946777344,111,80
97,97,2015-08-14 18:46:37,2015-08-14 18:49:08,-73.96917724609375,40.75522232055664,-73.9730453491211,40.7491455078125,145,156
98,98,2015-08-15 22:43:21,2015-08-15 23:08:53,-73.98745727539062,40.74411392211913,-73.95157623291014,40.78120803833008,92,163
99,99,2015-08-23 16:54:22,2015-08-23 16:56:54,-73.97744750976561,40.74679565429688,-73.9750747680664,40.751583099365234,119,63
100,100,2015-08-28 13:19:58,2015-08-28 13:52:27,-73.87306976318358,40.77413177490234,-73.98887634277344,40.777957916259766,-1,82
101,101,2015-08-01 16:04:14,2015-08-01 16:09:53,-73.97212982177734,40.794239044189446,-73.9640884399414,40.80797958374024,78,59
102,102,2015-08-11 06:18:18,2015-08-11 06:23:52,-73.97452545166014,40.751564025878906,-73.98664093017578,40.739688873291016,63,92
103,103,2015-08-11 19:46:14,2015-08-11 20:11:28,-73.95050811767578,40.77944564819336,-73.99739837646483,40.68826675415039,4,-1
104,104,2015-08-30 12:06:52,2015-08-30 12:09:38,-73.97517395019531,40.750736236572266,-73.98206329345702,40.74137115478516,119,92
105,105,2015-08-15 08:40:59,2015-08-15 08:48:43,-73.98033905029298,40.77571105957031,-73.97139739990233,40.8004150390625,8,7
106,106,2015-08-04 15:10:24,2015-08-04 15:26:32,-73.95611572265625,40.76794052124024,-73.97528839111328,40.75098419189453,155,119
107,107,2015-08-15 13:58:57,2015-08-15 14:04:38,-73.98930358886719,40.73406600952149,-73.99362182617188,40.729148864746094,68,116
108,108,2015-08-24 18:27:10,2015-08-24 18:41:51,-73.81719207763672,40.703250885009766,-73.78305053710938,40.64400863647461,-1,-1
109,109,2015-08-02 04:37:37,2015-08-02 05:11:03,-73.95271301269531,40.74128341674805,-73.64404296875,40.74835586547852,-1,-1
110,110,2015-08-26 10:22:48,2015-08-26 10:24:22,-73.98711395263672,40.74508666992188,-73.99031066894531,40.74052047729492,111,92
111,111,2015-08-10 21:18:02,2015-08-10 21:24:49,-73.9806137084961,40.77993774414063,-73.95970916748048,40.80093383789063,27,144
112,112,2015-08-14 01:14:53,2015-08-14 01:24:28,-73.98937225341797,40.717769622802734,-73.94571685791014,40.7114143371582,50,-1
113,113,2015-08-01 16:39:25,2015-08-01 16:46:54,-73.97869110107422,40.78593444824219,-73.98919677734375,40.76972198486328,34,151
114,114,2015-08-08 15:12:24,2015-08-08 15:27:27,-73.98059844970702,40.76054382324219,-73.9804458618164,40.78237915039063,64,69
115,115,2015-08-03 08:45:48,2015-08-03 08:48:42,-73.98455047607422,40.745750427246094,-73.9914321899414,40.74884033203125,111,48
116,116,2015-08-01 16:50:53,2015-08-01 16:59:45,-73.98445892333984,40.72176742553711,-73.9742660522461,40.737014770507805,71,-1
117,117,2015-08-23 21:02:42,2015-08-23 21:09:21,-73.98905181884764,40.72691345214844,-73.98136901855469,40.74109649658203,112,90
118,118,2015-08-12 10:03:45,2015-08-12 10:19:23,-73.99082183837889,40.76264190673828,-73.98925018310547,40.73426055908203,23,25
119,119,2015-08-16 14:02:53,2015-08-16 14:07:17,-73.9811019897461,40.7742576599121,-73.97856903076173,40.782711029052734,8,27
120,120,2015-08-31 12:55:18,2015-08-31 13:17:36,-73.98423767089844,40.75532150268555,-74.01377105712889,40.714481353759766,121,149
121,121,2015-08-30 15:21:49,2015-08-30 15:23:55,-73.96607971191406,40.762054443359375,-73.95771026611328,40.77081680297852,135,122
122,122,2015-08-31 08:27:55,2015-08-31 08:37:27,-73.96597290039062,40.75810241699219,-73.97515869140625,40.75635528564453,57,63
123,123,2015-08-17 05:20:36,2015-08-17 05:28:33,-73.97554016113281,40.728633880615234,-73.98741149902342,40.75526428222656,136,121
124,124,2015-08-19 14:57:45,2015-08-19 15:07:30,-73.96080017089844,40.76079940795898,-73.9622573852539,40.77613830566406,126,140
125,125,2015-08-02 16:14:24,2015-08-02 16:14:48,-73.98041534423827,40.73332214355469,-73.98017883300781,40.733619689941406,136,136
126,126,2015-08-06 21:15:04,2015-08-06 21:22:17,-73.96583557128906,40.75445556640625,-73.95103454589844,40.77669143676758,145,4
127,127,2015-08-26 11:13:32,2015-08-26 11:32:09,-73.99786376953125,40.7563934326172,-73.9786376953125,40.755683898925774,93,63
128,128,2015-08-01 23:31:20,2015-08-01 23:35:29,-74.00449371337889,40.72147750854492,-74.00128173828125,40.7311897277832,20,101
129,129,2015-08-06 09:46:24,2015-08-06 10:00:33,-73.87310791015625,40.77423095703125,-73.8360824584961,40.78300476074219,-1,-1
130,130,2015-08-05 09:26:04,2015-08-05 09:44:21,-73.9777603149414,40.75254821777344,-74.0035629272461,40.749961853027344,63,93
131,131,2015-08-17 12:47:13,2015-08-17 12:59:22,-73.97499084472656,40.755741119384766,-73.99162292480467,40.75979995727539,63,36
132,132,2015-08-31 19:31:48,2015-08-31 19:39:10,-73.96741485595702,40.76171875,-73.95147705078125,40.78204345703125,97,163
133,133,2015-08-29 17:18:15,2015-08-29 17:38:06,-73.95755767822266,40.7616081237793,-73.99253845214845,40.74969100952149,37,48
134,134,2015-08-15 10:36:39,2015-08-15 10:41:14,-73.98027801513672,40.76545715332031,-73.98731231689453,40.75530624389648,123,121
135,135,2015-08-10 18:57:47,2015-08-10 18:57:59,-73.95683288574217,40.78083038330078,-73.95683288574217,40.78089904785156,30,30
136,136,2015-08-22 12:55:26,2015-08-22 13:00:38,-74.00064849853516,40.731983184814446,-73.98719787597656,40.73329544067384,101,68
137,137,2015-08-01 16:47:09,2015-08-01 17:12:03,-73.86286163330078,40.768718719482415,-73.95248413085938,40.80071258544922,-1,85
138,138,2015-08-16 17:26:15,2015-08-16 17:26:25,-73.94867706298828,40.797794342041016,-73.94866943359375,40.79777526855469,168,168
139,139,2015-08-19 16:19:39,2015-08-19 16:40:09,-73.98329162597656,40.73414993286133,-74.00706481933594,40.72721862792969,167,114
140,140,2015-08-21 09:19:27,2015-08-21 09:39:48,-73.98785400390625,40.76061248779297,-73.98774719238281,40.743106842041016,23,92
141,141,2015-08-27 01:16:36,2015-08-27 01:45:57,-73.97991180419923,40.75563049316406,-73.98152160644531,40.66707229614258,63,-1
142,142,2015-08-22 01:06:49,2015-08-22 01:23:35,-73.99765777587889,40.74126434326172,-73.99611663818358,40.7203369140625,72,94
143,143,2015-08-10 02:32:16,2015-08-10 02:36:55,-73.97132873535155,40.79431915283203,-73.95128631591797,40.785919189453125,78,102
144,144,2015-08-01 23:49:49,2015-08-01 23:57:39,-73.98991394042967,40.73920440673828,-74.00377655029298,40.742862701416016,109,124
145,145,2015-08-25 10:04:13,2015-08-25 10:10:27,-73.96941375732422,40.757469177246094,-73.96260833740233,40.767139434814446,145,17
146,146,2015-08-03 17:31:16,2015-08-03 17:46:37,-73.97399139404298,40.7539291381836,-73.95350646972656,40.767105102539055,63,170
147,147,2015-08-24 09:11:11,2015-08-24 09:14:58,-73.97828674316406,40.75741958618164,-73.9820785522461,40.75204849243164,63,1
148,148,2015-08-18 19:18:30,2015-08-18 19:24:54,-73.97528076171875,40.75223159790039,-73.9900665283203,40.751861572265625,63,48
149,149,2015-08-18 20:38:07,2015-08-18 20:43:57,-74.00371551513672,40.741947174072266,-74.00684356689453,40.73045349121094,124,73
150,150,2015-08-14 09:17:54,2015-08-14 09:23:31,-73.98625183105469,40.734317779541016,-73.9851837158203,40.741653442382805,167,92
151,151,2015-08-01 17:28:55,2015-08-01 18:01:56,-74.00614166259764,40.73502349853516,-73.95209503173827,40.80459976196289,73,85
152,152,2015-08-27 00:15:43,2015-08-27 00:28:01,-73.98892974853516,40.666046142578125,-73.92868041992188,40.66691589355469,-1,-1
153,153,2015-08-12 13:58:07,2015-08-12 14:02:44,-73.95471954345702,40.76564407348633,-73.94635009765625,40.77706146240234,170,56
154,154,2015-08-25 21:14:23,2015-08-25 21:30:57,-73.9759063720703,40.755741119384766,-73.97452545166014,40.79339218139648,63,78
155,155,2015-08-28 03:43:26,2015-08-28 03:55:07,-74.0013198852539,40.739166259765625,-73.98101806640625,40.76761245727539,159,123
156,156,2015-08-29 10:16:01,2015-08-29 10:23:13,-73.88609313964845,40.77268981933594,-73.86837005615233,40.76895904541016,-1,-1
157,157,2015-08-13 08:00:59,2015-08-13 08:14:08,-74.00714111328125,40.73566818237305,-74.01127624511719,40.7021484375,73,178
158,158,2015-08-20 17:38:08,2015-08-20 17:47:47,-73.97106170654298,40.764286041259766,-73.95702362060547,40.76637268066406,128,170
159,159,2015-08-02 06:55:18,2015-08-02 07:00:57,-73.9388656616211,40.80196380615234,-73.96472930908203,40.791816711425774,152,47
160,160,2015-08-01 12:16:09,2015-08-01 12:49:26,-73.97824859619139,40.76641082763672,-73.99897003173827,40.67605972290039,123,-1
161,161,2015-08-18 17:40:02,2015-08-18 18:42:56,-73.97958374023438,40.78424453735352,-73.79014587402342,40.6468620300293,69,-1
162,162,2015-08-31 17:11:45,2015-08-31 17:32:39,-74.01624298095702,40.71551132202149,-73.9814453125,40.75948333740234,149,64
163,163,2015-08-27 14:48:07,2015-08-27 14:55:53,-73.97274017333984,40.757976531982415,-73.9750747680664,40.75284957885742,13,63
164,164,2015-08-24 19:00:52,2015-08-24 19:09:08,-73.96823120117188,40.76192474365234,-73.97611236572266,40.74178314208984,97,174
165,165,2015-08-27 17:03:35,2015-08-27 17:07:31,-74.00042724609375,40.74251556396485,-73.99525451660156,40.7495574951172,72,180
166,166,2015-08-01 21:24:22,2015-08-01 21:28:50,-73.97325134277344,40.7926139831543,-73.96342468261719,40.80120849609375,78,144
167,167,2015-08-05 19:30:44,2015-08-05 19:40:27,-73.9542236328125,40.765979766845696,-73.98172760009764,40.73113632202149,170,136
168,168,2015-08-28 09:58:32,2015-08-28 10:09:07,-73.96023559570312,40.7662353515625,-73.98920440673827,40.76300048828125,141,23
169,169,2015-08-01 02:21:45,2015-08-01 02:29:13,-74.0020980834961,40.73957443237305,-73.99742126464844,40.761333465576165,72,79
170,170,2015-08-16 13:41:04,2015-08-16 13:52:48,-73.987548828125,40.750247955322266,-73.95525360107422,40.78783416748047,48,28
171,171,2015-08-27 14:25:49,2015-08-27 15:01:06,-73.9769515991211,40.758975982666016,-74.01426696777344,40.7097053527832,166,9
172,172,2015-08-25 20:48:17,2015-08-25 20:51:56,-73.98175048828125,40.743770599365234,-73.98789978027342,40.74388885498047,66,92
173,173,2015-08-18 13:31:29,2015-08-18 13:47:26,-74.00716400146483,40.727638244628906,-73.99258422851561,40.73969268798828,114,109
174,174,2015-08-31 13:20:52,2015-08-31 14:06:30,-73.78963470458984,40.64672470092773,-74.00787353515625,40.74030303955078,-1,80
175,175,2015-08-24 09:48:28,2015-08-24 09:59:16,-73.96727752685547,40.76918029785156,-73.96533203125,40.75507736206056,17,145
176,176,2015-08-01 09:00:26,2015-08-01 09:14:42,-73.9722900390625,40.74557113647461,-74.00608825683594,40.74373245239258,38,124
177,177,2015-08-22 09:50:35,2015-08-22 10:25:16,-73.99370574951173,40.73264694213867,-73.86206817626953,40.76726150512695,116,-1
178,178,2015-08-04 22:51:26,2015-08-04 23:07:23,-73.99232482910156,40.72478485107422,-73.99561309814453,40.76373291015625,112,79
179,179,2015-08-20 11:58:23,2015-08-20 12:20:59,-73.98833465576173,40.74114608764648,-73.95437622070312,40.79993438720703,92,85
180,180,2015-08-13 10:25:51,2015-08-13 10:38:15,-73.97431945800781,40.76042556762695,-73.97972106933594,40.749290466308594,158,119
181,181,2015-08-23 12:55:52,2015-08-23 13:01:59,-73.9773178100586,40.75891876220703,-73.98712158203125,40.75030899047852,166,111
182,182,2015-08-23 04:59:53,2015-08-23 05:08:26,-73.98732757568358,40.74877166748047,-73.98872375488281,40.76361846923828,111,23
183,183,2015-08-21 15:33:01,2015-08-21 15:49:54,-73.97515869140625,40.74137878417969,-73.98773193359375,40.75523376464844,137,121
184,184,2015-08-31 03:54:54,2015-08-31 03:57:18,-73.97242736816406,40.762519836425774,-73.96475219726561,40.76094818115234,128,135
185,185,2015-08-18 23:00:53,2015-08-18 23:24:49,-73.97264862060547,40.754981994628906,-73.90300750732422,40.819915771484375,63,-1
186,186,2015-08-28 07:46:00,2015-08-28 08:12:19,-73.97020721435547,40.79951858520508,-73.97563934326173,40.75104141235352,7,119
187,187,2015-08-29 21:37:30,2015-08-29 21:50:39,-73.98918914794923,40.74121856689453,-74.00711059570312,40.70767211914063,92,52
188,188,2015-08-27 11:34:05,2015-08-27 11:44:21,-73.99524688720702,40.7251205444336,-73.99524688720702,40.7251205444336,3,3
189,189,2015-08-30 19:27:08,2015-08-30 19:38:13,-73.98609924316406,40.72652816772461,-73.95653533935547,40.76698684692384,112,170
190,190,2015-08-21 09:12:44,2015-08-21 09:17:50,-74.00986480712889,40.720413208007805,-74.0167236328125,40.71621322631836,130,149
191,191,2015-08-28 13:31:34,2015-08-28 13:42:16,-73.98827362060547,40.7483787536621,-73.97470855712889,40.74206161499024,111,137
192,192,2015-08-16 08:38:41,2015-08-16 08:45:41,-73.86290740966798,40.76869201660156,-73.88526916503906,40.77267837524414,-1,-1
193,193,2015-08-05 21:28:36,2015-08-05 21:43:22,-74.00924682617188,40.72523880004882,-73.98947143554686,40.716217041015625,114,179
194,194,2015-08-19 08:16:22,2015-08-19 08:29:27,-73.9912567138672,40.75046920776367,-73.9947509765625,40.72628021240234,48,3
195,195,2015-08-06 04:19:40,2015-08-06 04:35:17,-73.99012756347656,40.71950912475586,-73.94084167480467,40.74774932861328,50,-1
196,196,2015-08-17 22:55:46,2015-08-17 23:13:29,-73.87448120117188,40.77402114868164,-73.96639251708984,40.691719055175774,-1,-1
197,197,2015-08-27 11:39:12,2015-08-27 11:43:46,-73.9623031616211,40.767948150634766,-73.9676513671875,40.76261138916016,17,97
198,198,2015-08-10 22:52:30,2015-08-10 23:00:56,-74.00631713867188,40.73941040039063,-74.00877380371092,40.74647521972656,80,-1
199,199,2015-08-20 15:40:14,2015-08-20 15:51:53,-73.9674530029297,40.76316833496094,-73.95579528808595,40.78204727172852,97,133
200,0,2015-08-20 10:14:55,2015-08-20 10:48:57,-73.87564849853516,40.73564910888672,-73.99433135986328,40.7197380065918,-1,94
201,1,2015-08-14 14:39:37,2015-08-14 15:04:25,-73.79134368896483,40.712100982666016,-73.7772216796875,40.64679336547852,-1,-1
202,2,2015-08-10 17:36:37,2015-08-10 17:41:50,-73.9563217163086,40.818660736083984,-73.96198272705078,40.805545806884766,55,59
203,3,2015-08-02 12:13:54,2015-08-02 12:29:30,-73.9495620727539,40.71402740478516,-73.87258911132812,40.77429962158203,-1,-1
204,4,2015-08-25 02:34:31,2015-08-25 02:38:23,-73.89015960693358,40.74610137939453,-73.87477111816406,40.743263244628906,-1,-1
205,5,2015-08-16 10:05:20,2015-08-16 10:07:52,-73.94488525390625,40.8075065612793,-73.93551635742188,40.80354309082031,6,65
206,6,2015-08-04 18:11:09,2015-08-04 18:30:21,-73.94873046875,40.78884506225586,-73.9402847290039,40.797630310058594,115,161
207,7,2015-08-13 19:45:26,2015-08-13 19:55:44,-73.92828369140625,40.76363754272461,-73.95112609863281,40.74382019042969,-1,-1
208,8,2015-08-26 14:58:21,2015-08-26 15:42:11,-73.95199584960938,40.78994369506836,-73.82288360595702,40.865589141845696,115,-1
209,9,2015-08-25 02:34:39,2015-08-25 02:40:05,-73.96101379394531,40.714752197265625,-73.96465301513672,40.69617462158203,-1,-1
210,10,2015-08-21 19:46:53,2015-08-21 19:47:14,-73.9369125366211,40.76460647583008,-73.93685150146483,40.76463317871094,-1,-1
211,11,2015-08-07 19:04:28,2015-08-07 19:11:55,-73.95256805419923,40.802921295166016,-73.95967864990233,40.813491821289055,85,125
212,12,2015-08-06 00:57:10,2015-08-06 01:06:46,-73.94477081298828,40.83401107788086,-73.92935180664062,40.85924911499024,129,41
213,13,2015-08-28 12:49:43,2015-08-28 13:11:34,-73.98670959472656,40.702396392822266,-73.96544647216798,40.765743255615234,-1,17
214,14,2015-08-26 20:25:25,2015-08-26 20:32:52,-73.83048248291014,40.75951385498047,-73.84489440917967,40.775638580322266,-1,-1
215,15,2015-08-20 05:19:19,2015-08-20 05:23:26,-73.87033081054686,40.749168395996094,-73.85717010498048,40.754150390625,-1,-1
216,16,2015-08-11 07:47:23,2015-08-11 08:08:42,-73.98307037353516,40.69635009765625,-73.96978759765625,40.75802230834961,-1,13
217,17,2015-08-12 11:49:21,2015-08-12 12:16:45,-73.95851898193358,40.80053329467773,-73.98345947265625,40.742313385009766,144,92
218,18,2015-08-21 19:18:46,2015-08-21 19:18:57,-73.93675231933594,40.76475524902344,-73.93677520751953,40.764766693115234,-1,-1
219,19,2015-08-08 07:06:58,2015-08-08 07:10:15,-73.92528533935547,40.7620506286621,-73.91709136962889,40.76487350463867,-1,-1
220,20,2015-08-15 01:21:09,2015-08-15 02:06:48,-73.95811462402342,40.815460205078125,-73.90308380126953,40.91608428955078,125,-1
221,21,2015-08-01 20:28:34,2015-08-01 20:42:43,-73.96029663085938,40.67140579223633,-73.95116424560547,40.68855285644531,-1,-1
222,22,2015-08-17 18:09:27,2015-08-17 18:23:47,-73.85042572021484,40.72521209716797,-73.8997802734375,40.73923873901367,-1,-1
223,23,2015-08-06 23:10:12,2015-08-06 23:35:42,-73.9205551147461,40.77072143554688,-73.99197387695312,40.740753173828125,-1,109
224,24,2015-08-29 18:47:47,2015-08-29 19:16:25,-73.9788589477539,40.69350814819336,-74.02265167236328,40.645145416259766,-1,-1
225,25,2015-08-22 15:25:25,2015-08-22 15:51:58,-73.92788696289062,40.82984161376953,-73.99009704589844,40.7605094909668,-1,36
226,26,2015-08-24 08:44:17,2015-08-24 08:55:25,-73.9334259033203,40.84988784790039,-73.91938781738281,40.86216735839844,160,95
227,27,2015-08-14 20:51:50,2015-08-14 21:05:14,-73.99785614013672,40.683013916015625,-73.94976043701173,40.7241668701172,-1,-1
228,28,2015-08-11 17:15:17,2015-08-11 17:18:22,-73.94438171386719,40.80630874633789,-73.9447021484375,40.79988861083984,6,161
229,29,2015-08-13 15:15:38,2015-08-13 15:40:42,-73.95228576660156,40.78987503051758,-73.92509460449219,40.86266708374024,115,104
230,30,2015-08-04 11:22:45,2015-08-04 11:46:27,-73.93760681152342,40.80416870117188,-73.96968841552734,40.78486251831056,152,77
231,31,2015-08-30 20:26:48,2015-08-30 20:29:22,-73.93888854980467,40.8023681640625,-73.94451141357422,40.80040740966797,152,161
232,32,2015-08-08 02:52:23,2015-08-08 03:16:29,-73.92945861816406,40.75211334228516,-73.99684143066406,40.74771499633789,-1,76
233,33,2015-08-18 17:12:15,2015-08-18 17:25:12,-73.84480285644531,40.71998596191406,-73.89801788330078,40.73514938354492,-1,-1
234,34,2015-08-20 16:00:51,2015-08-20 16:10:03,-73.94631958007811,40.7891845703125,-73.95669555664062,40.804214477539055,33,21
235,35,2015-08-02 13:06:46,2015-08-02 13:14:06,-73.91328430175781,40.76315307617188,-73.92200469970702,40.77111053466797,-1,-1
236,36,2015-08-19 15:04:02,2015-08-19 15:09:54,-73.91885375976561,40.74296569824219,-73.90447235107422,40.745452880859375,-1,-1
237,37,2015-08-28 14:26:13,2015-08-28 14:37:25,-73.9867935180664,40.70240020751953,-74.00994110107422,40.71998596191406,-1,130
238,38,2015-08-27 00:12:44,2015-08-27 00:21:00,-73.87409210205078,40.73484420776367,-73.89060974121092,40.74691009521485,-1,-1
239,39,2015-08-27 22:56:36,2015-08-27 23:05:45,-73.95194244384764,40.798015594482415,-73.96012115478516,40.769813537597656,83,155
240,40,2015-08-20 09:00:43,2015-08-20 09:10:15,-73.95254516601561,40.82389831542969,-73.95196533203125,40.81050491333008,103,127
241,41,2015-08-08 15:33:06,2015-08-08 15:40:11,-73.95924377441406,40.72063446044922,-73.96833038330078,40.707889556884766,-1,-1
242,42,2015-08-30 01:08:46,2015-08-30 01:21:03,-73.87882232666014,40.74013137817384,-73.91871643066406,40.75525665283203,-1,-1
243,43,2015-08-10 20:36:40,2015-08-10 20:51:11,-73.98164367675781,40.689990997314446,-73.9423599243164,40.68117141723633,-1,-1
244,44,2015-08-03 22:22:21,2015-08-03 22:25:09,-73.93910217285155,40.805137634277344,-73.94520568847656,40.80780029296875,6,6
245,45,2015-08-23 11:43:31,2015-08-23 11:55:40,-73.9529800415039,40.822845458984375,-73.93680572509764,40.80314254760742,103,152
246,46,2015-08-31 22:51:04,2015-08-31 23:02:34,-73.88546752929686,40.83665084838867,-73.89212036132812,40.86912536621094,-1,-1
247,47,2015-08-10 09:26:16,2015-08-10 09:28:38,-73.96385955810547,40.808048248291016,-73.96171569824217,40.81222534179688,59,125
248,48,2015-08-29 00:37:55,2015-08-29 00:42:44,-73.9510498046875,40.7242431640625,-73.94170379638672,40.714141845703125,-1,-1
249,49,2015-08-15 21:03:44,2015-08-15 21:12:52,-73.95362091064453,40.79073715209961,-73.97977447509764,40.79056930541992,115,34
250,50,2015-08-07 00:01:46,2015-08-07 01:08:05,-73.95194244384764,40.78989028930664,-73.97317504882812,40.62605667114258,115,-1
251,51,2015-08-11 17:24:48,2015-08-11 17:42:52,-73.95996856689453,40.81368637084961,-73.96560668945312,40.77021408081056,125,40
252,52,2015-08-01 15:39:46,2015-08-01 15:57:18,-73.91858673095702,40.7587776184082,-73.88301849365233,40.75293350219727,-1,-1
253,53,2015-08-26 18:56:41,2015-08-26 19:05:59,-73.94001770019531,40.692569732666016,-73.92021942138672,40.68363571166992,-1,-1
254,54,2015-08-30 15:51:17,2015-08-30 16:06:28,-73.95547485351561,40.799629211425774,-73.98445129394531,40.7739372253418,85,8
255,55,2015-08-21 13:31:12,2015-08-21 13:40:05,-73.95272827148438,40.72703552246094,-73.94924163818358,40.74266052246094,-1,-1
256,56,2015-08-18 14:52:57,2015-08-18 15:02:04,-73.89238739013672,40.74887847900391,-73.90772247314453,40.755386352539055,-1,-1
257,57,2015-08-09 00:51:22,2015-08-09 01:02:25,-73.95133972167967,40.71186447143555,-73.98595428466798,40.68981552124024,-1,-1
258,58,2015-08-11 15:07:35,2015-08-11 16:00:38,-73.92076110839844,40.6821746826172,-74.00690460205078,40.74420547485352,-1,93
259,59,2015-08-12 09:32:26,2015-08-12 09:34:25,-73.94731903076173,40.830997467041016,-73.95511627197266,40.82038497924805,129,103
260,60,2015-08-09 23:55:45,2015-08-10 00:10:08,-73.95167541503906,40.71428298950195,-73.98075103759764,40.72578811645508,-1,106
261,61,2015-08-31 11:43:56,2015-08-31 12:01:26,-73.98652648925781,40.687602996826165,-74.00363159179686,40.65516662597656,-1,-1
262,62,2015-08-15 09:59:50,2015-08-15 10:36:15,-73.9831771850586,40.6648826599121,-73.8034896850586,40.65855407714844,-1,-1
263,63,2015-08-29 22:57:43,2015-08-29 23:00:36,-73.8079833984375,40.700462341308594,-73.80772399902342,40.700340270996094,-1,-1
264,64,2015-08-30 17:46:28,2015-08-30 17:49:46,-73.95099639892578,40.78606796264648,-73.95158386230467,40.79051208496094,102,115
265,65,2015-08-01 02:39:49,2015-08-01 03:32:12,-73.94541168212889,40.807891845703125,-73.95894622802734,40.6679801940918,53,-1
266,66,2015-08-04 18:30:17,2015-08-04 18:48:38,-73.80713653564453,40.69921875,-73.8292465209961,40.75266647338867,-1,-1
267,67,2015-08-16 09:31:45,2015-08-16 09:45:27,-73.99270629882812,40.68904876708984,-74.0205078125,40.63030624389648,-1,-1
268,68,2015-08-01 14:20:05,2015-08-01 14:27:41,-73.9730453491211,40.67764663696289,-73.95726013183594,40.67277908325195,-1,-1
269,69,2015-08-02 14:59:29,2015-08-02 15:04:38,-73.96773529052734,40.68064498901367,-73.9637680053711,40.682891845703125,-1,-1
270,70,2015-08-13 05:26:50,2015-08-13 05:38:24,-73.92099761962889,40.62861251831056,-73.95379638671875,40.65252304077149,-1,-1
271,71,2015-08-07 02:35:02,2015-08-07 02:37:07,-73.92913055419923,40.67919158935546,-73.92822265625,40.68503189086913,-1,-1
272,72,2015-08-14 03:59:49,2015-08-14 04:05:02,-73.90343475341797,40.74560546875,-73.92054748535155,40.737579345703125,-1,-1
273,73,2015-08-16 19:54:52,2015-08-16 20:27:15,-73.95784759521484,40.72202301025391,-73.98416137695312,40.76153564453125,-1,64
274,74,2015-08-14 22:39:41,2015-08-14 22:56:27,-73.95943450927734,40.7182731628418,-73.98799896240233,40.71989822387695,-1,50
275,75,2015-08-21 16:50:10,2015-08-21 17:27:40,-73.86770629882812,40.854202270507805,-73.9710464477539,40.75808334350586,-1,13
276,76,2015-08-18 14:43:14,2015-08-18 15:07:47,-73.90357971191406,40.74574661254882,-73.9498748779297,40.782318115234375,-1,163
277,77,2015-08-08 02:57:27,2015-08-08 03:15:03,-73.8177490234375,40.765411376953125,-73.95259094238281,40.709449768066406,-1,-1
278,78,2015-08-31 05:54:19,2015-08-31 06:11:01,-73.96112823486328,40.71464538574219,-73.93568420410156,40.70450210571289,-1,-1
279,79,2015-08-08 23:56:06,2015-08-09 00:10:49,-73.96289825439453,40.71194076538086,-73.99359893798828,40.68777847290039,-1,-1
280,80,2015-08-01 09:55:32,2015-08-01 10:09:55,-73.94788360595702,40.74597930908203,-73.94361114501953,40.786968231201165,-1,33
281,81,2015-08-20 23:15:38,2015-08-20 23:43:00,-73.93146514892578,40.852493286132805,-73.82445526123048,40.72488021850586,160,-1
282,82,2015-08-30 21:01:41,2015-08-30 21:11:45,-73.95360565185547,40.79079818725586,-73.96587371826173,40.75523376464844,115,145
283,83,2015-08-20 16:01:03,2015-08-20 16:09:06,-73.98485565185547,40.69670104980469,-73.97505950927734,40.698055267333984,-1,-1
284,84,2015-08-09 23:48:29,2015-08-09 23:54:05,-73.96864318847656,40.63936614990234,-73.95832061767578,40.63290023803711,-1,-1
285,85,2015-08-10 02:51:44,2015-08-10 03:04:26,-73.83173370361328,40.71500396728516,-73.70705413818358,40.74951934814453,-1,-1
286,86,2015-08-25 13:30:34,2015-08-25 13:58:34,-73.99052429199219,40.702056884765625,-73.97140502929686,40.795169830322266,-1,78
287,87,2015-08-22 08:59:41,2015-08-22 09:26:30,-73.9677505493164,40.687896728515625,-73.86518859863281,40.68575668334961,-1,-1
288,88,2015-08-18 23:16:27,2015-08-18 23:17:03,-73.88375854492188,40.74755859375,-73.88602447509764,40.74751663208008,-1,-1
289,89,2015-08-08 14:22:03,2015-08-08 14:31:21,-73.98195648193358,40.68575668334961,-73.98006439208984,40.673736572265625,-1,-1
290,90,2015-08-27 00:57:32,2015-08-27 01:14:18,-73.92227172851561,40.7549057006836,-74.0125732421875,40.70158386230469,-1,178
291,91,2015-08-02 01:31:38,2015-08-02 01:58:54,-73.93096923828125,40.66883850097656,-73.97916412353516,40.7197380065918,-1,113
292,92,2015-08-14 08:06:06,2015-08-14 08:37:43,-73.98277282714845,40.677276611328125,-73.97560882568358,40.751277923583984,-1,63
293,93,2015-08-23 02:12:23,2015-08-23 02:24:00,-73.96971130371094,40.6931266784668,-73.91715240478516,40.7004280090332,-1,-1
294,94,2015-08-20 08:08:30,2015-08-20 08:12:18,-73.95034790039062,40.79248809814453,-73.93804931640625,40.80387115478516,115,152
295,95,2015-08-05 16:33:47,2015-08-05 17:00:40,-73.9906005859375,40.69412612915039,-73.9441909790039,40.70318603515625,-1,-1
296,96,2015-08-13 02:15:57,2015-08-13 02:31:21,-73.97691345214844,40.68692779541016,-73.95018005371094,40.65692901611328,-1,-1
297,97,2015-08-13 21:12:06,2015-08-13 21:18:09,-73.96383666992188,40.80772399902344,-73.95162200927734,40.81029510498047,59,127
298,98,2015-08-10 17:52:17,2015-08-10 18:00:54,-73.94429016113281,40.80968475341797,-73.9436798095703,40.79447555541992,53,87
299,99,2015-08-21 23:14:43,2015-08-21 23:24:34,-73.99430847167967,40.694820404052734,-73.99449920654298,40.66189956665039,-1,-1
300,100,2015-08-27 14:29:02,2015-08-27 14:34:49,-73.95064544677734,40.826393127441406,-73.95890808105469,40.81503677368164,2,125
301,101,2015-08-26 12:01:47,2015-08-26 12:10:19,-73.96673583984375,40.80435943603516,-73.94161987304686,40.83932876586913,105,61
302,102,2015-08-21 21:04:50,2015-08-21 21:17:19,-73.99054718017578,40.68656539916992,-73.98135375976561,40.66674041748047,-1,-1
303,103,2015-08-21 05:39:36,2015-08-21 05:45:50,-73.86856079101561,40.74929428100586,-73.8912353515625,40.74707794189453,-1,-1
304,104,2015-08-19 18:13:32,2015-08-19 18:22:38,-73.89118194580078,40.74658584594727,-73.87076568603516,40.764381408691406,-1,-1
305,105,2015-08-05 22:32:06,2015-08-05 22:35:06,-73.95594787597656,40.6812629699707,-73.95745849609375,40.69164276123047,-1,-1
306,106,2015-08-27 03:04:17,2015-08-27 03:30:33,-73.9129409790039,40.653446197509766,-73.9934310913086,40.6900634765625,-1,-1
307,107,2015-08-29 00:00:49,2015-08-29 00:01:33,-73.92181396484375,40.7075080871582,-73.91453552246092,40.74509811401367,-1,-1
308,108,2015-08-07 19:01:46,2015-08-07 19:03:17,-73.97193908691406,40.6895751953125,-73.98113250732422,40.68979644775391,-1,-1
309,109,2015-08-06 21:55:26,2015-08-06 22:31:32,-73.93524932861328,40.69702911376953,-73.9830551147461,40.754337310791016,-1,1
310,110,2015-08-10 12:27:20,2015-08-10 12:47:18,-73.86258697509764,40.85740661621094,-73.92160797119139,40.86522674560546,-1,16
311,111,2015-08-08 20:15:38,2015-08-08 20:27:25,-73.9551239013672,40.79967880249024,-73.96763610839844,40.76298522949219,85,97
312,112,2015-08-29 14:56:30,2015-08-29 15:18:31,-73.98461151123048,40.686870574951165,-73.93345642089844,40.70562744140625,-1,-1
313,113,2015-08-07 04:22:46,2015-08-07 04:32:07,-73.92179107666014,40.77280426025391,-73.86481475830078,40.770366668701165,-1,-1
314,114,2015-08-29 17:58:09,2015-08-29 18:10:07,-73.93388366699219,40.84904098510742,-73.91874694824217,40.86027526855469,81,95
315,115,2015-08-31 17:17:08,2015-08-31 17:25:19,-73.95561981201173,40.79967880249024,-73.93584442138672,40.79630661010742,85,42
316,116,2015-08-15 18:02:02,2015-08-15 18:19:49,-73.97061920166014,40.696533203125,-73.95470428466798,40.749420166015625,-1,-1
317,117,2015-08-11 19:14:49,2015-08-11 19:29:07,-73.99269104003906,40.6938591003418,-73.988037109375,40.72381591796875,-1,71
318,118,2015-08-27 06:44:00,2015-08-27 06:54:47,-73.9969711303711,40.69295883178711,-74.00281524658203,40.718017578125,-1,86
319,119,2015-08-11 14:35:26,2015-08-11 14:58:59,-73.8485336303711,40.856571197509766,-73.9071044921875,40.86494827270508,-1,-1
320,120,2015-08-04 20:46:53,2015-08-04 21:09:03,-73.96636199951173,40.80460357666016,-74.00629425048828,40.73316192626953,105,19
321,121,2015-08-14 20:12:44,2015-08-14 20:26:00,-73.87286376953125,40.748783111572266,-73.8837890625,40.757183074951165,-1,-1
322,122,2015-08-28 18:18:12,2015-08-28 19:17:17,-74.0183334350586,40.627735137939446,-73.83061981201173,40.69951629638672,-1,-1
323,123,2015-08-20 22:47:43,2015-08-20 23:09:31,-73.95552062988281,40.72188949584961,-73.99565124511719,40.7200584411621,-1,94
324,124,2015-08-11 20:20:21,2015-08-11 20:24:16,-73.97917938232422,40.68292617797852,-73.9627914428711,40.676712036132805,-1,-1
325,125,2015-08-22 18:45:48,2015-08-22 19:16:41,-73.95796203613281,40.80099105834961,-74.0020980834961,40.736770629882805,21,159
326,126,2015-08-19 08:03:30,2015-08-19 08:25:11,-73.9426040649414,40.81692123413086,-73.95753479003906,40.76502227783203,24,37
327,127,2015-08-19 22:05:39,2015-08-19 22:18:31,-73.9244384765625,40.75617599487305,-73.95010375976561,40.746429443359375,-1,-1
328,128,2015-08-30 02:17:16,2015-08-30 02:26:00,-73.9441680908203,40.814311981201165,-73.95877838134764,40.80845642089844,24,176
329,129,2015-08-15 23:17:54,2015-08-15 23:34:25,-73.96280670166014,40.7121467590332,-73.90708923339844,40.70742034912109,-1,-1
330,130,2015-08-01 03:34:59,2015-08-01 03:45:20,-73.97042846679686,40.68951416015625,-73.99000549316406,40.6650619506836,-1,-1
331,131,2015-08-15 01:26:32,2015-08-15 01:44:01,-73.91751098632812,40.74319076538086,-73.97617340087889,40.75180816650391,-1,63
332,132,2015-08-17 07:22:35,2015-08-17 07:30:11,-73.83023834228516,40.75952911376953,-73.82500457763672,40.74631881713867,-1,-1
333,133,2015-08-09 14:28:35,2015-08-09 14:41:18,-73.9446029663086,40.809078216552734,-73.97160339355469,40.78722381591797,53,77
334,134,2015-08-06 17:36:52,2015-08-06 18:01:22,-73.95780944824217,40.708438873291016,-73.92525482177734,40.679141998291016,-1,-1
335,135,2015-08-22 03:37:27,2015-08-22 03:55:16,-73.91511535644531,40.76043701171875,-73.8291473388672,40.791519165039055,-1,-1
336,136,2015-08-20 07:09:10,2015-08-20 07:30:37,-73.99883270263672,40.68092346191406,-73.95578002929686,40.7644157409668,-1,37
337,137,2015-08-02 00:24:33,2015-08-02 00:32:00,-73.99266815185547,40.688823699951165,-73.99470520019531,40.684837341308594,-1,-1
338,138,2015-08-03 16:58:24,2015-08-03 17:07:50,-73.93265533447266,40.79465866088867,-73.95745086669923,40.76115036010742,108,37
339,139,2015-08-06 01:03:25,2015-08-06 01:11:08,-73.92678070068358,40.705753326416016,-73.94256591796875,40.690105438232415,-1,-1
340,140,2015-08-03 18:08:12,2015-08-03 18:12:55,-73.94776153564453,40.7112693786621,-73.95693969726561,40.71259689331056,-1,-1
341,141,2015-08-08 07:11:00,2015-08-08 07:37:37,-73.98005676269531,40.66872787475586,-73.92301940917967,40.6910514831543,-1,-1
342,142,2015-08-24 09:25:26,2015-08-24 09:51:00,-73.95011138916014,40.806785583496094,-73.97362518310547,40.762161254882805,85,128
343,143,2015-08-30 11:32:50,2015-08-30 11:41:44,-73.92167663574217,40.67822647094727,-73.89274597167967,40.675048828125,-1,-1
344,144,2015-08-03 13:52:41,2015-08-03 14:12:10,-73.93509674072266,40.849891662597656,-73.88837432861328,40.81417846679688,160,-1
345,145,2015-08-13 03:20:35,2015-08-13 03:30:04,-73.99442291259764,40.68085861206056,-73.95975494384764,40.6758270263672,-1,-1
346,146,2015-08-18 18:36:05,2015-08-18 18:38:14,-73.9509506225586,40.8055419921875,-73.94599151611328,40.81223678588867,85,53
347,147,2015-08-20 21:37:04,2015-08-20 21:56:19,-73.95799255371094,40.71091842651367,-73.98548889160156,40.73801040649414,-1,25
348,148,2015-08-06 07:32:45,2015-08-06 07:41:23,-73.9375457763672,40.8045768737793,-73.95655059814453,40.813175201416016,152,125
349,149,2015-08-29 20:31:47,2015-08-29 20:35:27,-73.94986724853516,40.80218124389648,-73.95816802978516,40.804317474365234,85,21
350,150,2015-08-01 01:57:48,2015-08-01 02:23:18,-73.90313720703125,40.67784118652344,-73.81684112548828,40.588653564453125,-1,-1
351,151,2015-08-24 08:22:17,2015-08-24 08:24:54,-73.94959259033203,40.827857971191406,-73.94499969482422,40.82391357421875,2,148
352,152,2015-08-10 13:55:44,2015-08-10 14:06:07,-73.98016357421875,40.66858673095703,-73.98920440673827,40.68447113037109,-1,-1
353,153,2015-08-21 20:59:53,2015-08-21 21:01:59,-73.9597396850586,40.801300048828125,-73.96409606933594,40.79894256591797,176,75
354,154,2015-08-29 16:29:18,2015-08-29 16:38:22,-73.96650695800781,40.80452728271485,-73.94844055175781,40.823997497558594,105,148
355,155,2015-08-05 18:12:43,2015-08-05 18:20:26,-73.9780044555664,40.68011093139648,-73.98362731933594,40.69448852539063,-1,-1
356,156,2015-08-05 19:58:18,2015-08-05 20:05:09,-73.92183685302734,40.76708221435546,-73.93488311767578,40.75315856933594,-1,-1
357,157,2015-08-23 17:44:58,2015-08-23 17:56:48,-73.93902587890625,40.8055419921875,-73.94892120361328,40.775169372558594,6,139
358,158,2015-08-19 22:32:17,2015-08-19 22:37:16,-73.9788360595703,40.683940887451165,-73.98814392089844,40.67111587524414,-1,-1
359,159,2015-08-19 00:51:59,2015-08-19 01:00:23,-73.9516372680664,40.714385986328125,-73.95835876464845,40.732723236083984,-1,-1
360,160,2015-08-12 20:27:45,2015-08-12 20:40:49,-73.98355102539062,40.67649841308594,-73.9764404296875,40.68227005004882,-1,-1
361,161,2015-08-29 03:29:48,2015-08-29 03:36:41,-73.88262939453125,40.756153106689446,-73.86078643798828,40.7564811706543,-1,-1
362,162,2015-08-22 03:51:28,2015-08-22 03:58:17,-73.9330062866211,40.70417022705078,-73.95377349853516,40.71075820922852,-1,-1
363,163,2015-08-29 23:39:01,2015-08-29 23:48:30,-73.93830108642578,40.82283020019531,-73.94364929199219,40.79939651489258,120,161
364,164,2015-08-07 12:13:14,2015-08-07 12:35:34,-73.93882751464845,40.74980163574219,-73.91649627685547,40.70581817626953,-1,-1
365,165,2015-08-28 20:02:38,2015-08-28 20:05:29,-73.94174194335938,40.812854766845696,-73.93527984619139,40.82167434692384,54,120
366,166,2015-08-22 23:47:55,2015-08-23 00:13:20,-73.84465789794923,40.7548942565918,-73.9910888671875,40.749603271484375,-1,48
367,167,2015-08-13 15:57:15,2015-08-13 15:59:56,-73.92485809326173,40.7685432434082,-73.91842651367188,40.76548004150391,-1,-1
368,168,2015-08-28 10:40:15,2015-08-28 10:48:40,-73.9552230834961,40.820171356201165,-73.9949722290039,40.76944732666016,103,-1
369,169,2015-08-23 02:09:05,2015-08-23 02:24:32,-73.95796966552734,40.71753692626953,-73.9388427734375,40.70841979980469,-1,-1
370,170,2015-08-24 07:43:48,2015-08-24 07:49:40,-73.94496154785155,40.834232330322266,-73.96426391601561,40.80816268920898,129,59
371,171,2015-08-24 15:25:04,2015-08-24 15:47:16,-73.94263458251953,40.81187438964844,-73.9822998046875,40.759082794189446,24,64
372,172,2015-08-16 18:20:55,2015-08-16 18:26:24,-73.99101257324217,40.6927604675293,-74.00117492675781,40.68767166137695,-1,-1
373,173,2015-08-23 22:10:39,2015-08-23 22:23:49,-73.95519256591797,40.73640823364258,-73.94839477539062,40.76352691650391,-1,-1
374,174,2015-08-15 22:36:50,2015-08-15 22:42:59,-73.84424591064453,40.72140121459961,-73.85755157470702,40.724796295166016,-1,-1
375,175,2015-08-10 09:25:17,2015-08-10 09:32:01,-73.90631866455078,40.74539566040039,-73.88542938232422,40.74747848510742,-1,-1
376,176,2015-08-12 05:38:30,2015-08-12 05:42:00,-73.98021697998048,40.64705657958984,-73.97514343261719,40.65496826171875,-1,-1
377,177,2015-08-27 11:53:21,2015-08-27 11:59:12,-73.93370819091797,40.85404586791992,-73.92108917236328,40.86740112304688,160,16
378,178,2015-08-12 22:59:02,2015-08-12 23:08:40,-73.98078155517578,40.67593383789063,-73.9540786743164,40.67364883422852,-1,-1
379,179,2015-08-09 21:46:20,2015-08-09 21:58:00,-73.89057159423827,40.7469596862793,-73.89278411865233,40.721561431884766,-1,-1
380,180,2015-08-12 12:08:06,2015-08-12 12:17:06,-73.95326232910156,40.68062973022461,-73.9295425415039,40.68717956542969,-1,-1
381,181,2015-08-15 15:51:17,2015-08-15 16:01:54,-73.98902130126953,40.688526153564446,-73.98316192626953,40.672901153564446,-1,-1
382,182,2015-08-04 14:14:33,2015-08-04 14:45:23,-73.95045471191406,40.66389846801758,-73.8880386352539,40.65761184692384,-1,-1
383,183,2015-08-13 02:06:25,2015-08-13 02:11:49,-73.94974517822266,40.72232055664063,-73.93761444091797,40.72468185424805,-1,-1
384,184,2015-08-11 22:14:14,2015-08-11 22:25:58,-73.95621490478516,40.674110412597656,-73.93092346191406,40.69272232055664,-1,-1
385,185,2015-08-23 01:50:56,2015-08-23 02:01:53,-73.96048736572266,40.71942901611328,-73.95709228515625,40.688186645507805,-1,-1
386,186,2015-08-20 17:47:12,2015-08-20 17:54:56,-73.9489974975586,40.78539276123047,-73.96712493896483,40.793560028076165,33,47
387,187,2015-08-24 02:32:46,2015-08-24 02:37:34,-73.9506607055664,40.73412704467773,-73.94584655761719,40.745723724365234,-1,-1
388,188,2015-08-10 16:15:28,2015-08-10 16:23:50,-73.88731384277344,40.75062561035156,-73.87771606445312,40.76335525512695,-1,-1
389,189,2015-08-19 01:25:10,2015-08-19 01:29:49,-73.98660278320312,40.669410705566406,-74.00470733642578,40.67599487304688,-1,-1
390,190,2015-08-20 14:25:16,2015-08-20 14:57:21,-73.89920043945312,40.74605941772461,-73.97557067871092,40.749267578125,-1,119
391,191,2015-08-15 11:37:28,2015-08-15 11:47:44,-73.98101043701173,40.66758728027344,-73.99401092529298,40.6654167175293,-1,-1
392,192,2015-08-26 16:46:25,2015-08-26 16:55:42,-73.95288848876953,40.80329513549805,-73.94265747070312,40.78734588623047,85,33
393,193,2015-08-04 12:46:36,2015-08-04 12:46:59,-73.96739959716798,40.77851104736328,-73.96469116210938,40.77778244018555,83,83
394,194,2015-08-12 07:16:20,2015-08-12 07:21:21,-73.94449615478516,40.79164123535156,-73.95235443115233,40.79856872558594,89,85
395,195,2015-08-13 15:08:33,2015-08-13 15:12:58,-73.96184539794923,40.81102752685546,-73.97018432617188,40.7989501953125,59,7
396,196,2015-08-04 14:13:04,2015-08-04 14:14:36,-73.93995666503906,40.81554412841797,-73.94322967529298,40.81613540649414,24,24
397,197,2015-08-03 08:36:22,2015-08-03 09:21:17,-73.94378662109375,40.835819244384766,-73.95496368408203,40.76591110229492,61,170
398,198,2015-08-27 22:33:31,2015-08-27 23:01:59,-73.98685455322266,40.68765640258789,-73.9588394165039,40.652149200439446,-1,-1
399,199,2015-08-23 03:17:09,2015-08-23 03:22:39,-73.98956298828125,40.66537857055664,-73.97899627685547,40.678489685058594,-1,-1
