,tpep_pickup_datetime,tpep_dropoff_datetime,pickup_longitude,pickup_latitude,dropoff_longitude,dropoff_latitude
0,2015-07-01 18:07:07,2015-07-01 18:18:05,-73.97169494628906,40.75112533569336,-73.98670959472656,40.7222785949707
1,2015-07-29 14:52:40,2015-07-29 14:54:13,-74.13005065917967,40.60567855834961,-74.13085174560547,40.60758972167969
2,2015-07-29 19:52:52,2015-07-29 19:59:12,-73.98340606689453,40.73516082763672,-73.98734283447266,40.722259521484375
3,2015-07-11 08:42:06,2015-07-11 08:53:10,-73.99946594238281,40.72686767578125,-73.97900390625,40.76535415649414
4,2015-07-28 17:01:26,2015-07-28 17:39:17,-73.95352172851561,40.785598754882805,-73.98397064208984,40.748268127441406
5,2015-07-18 03:54:27,2015-07-18 04:11:18,-73.98082733154298,40.75485610961913,-73.8788833618164,40.741729736328125
6,2015-07-18 21:41:27,2015-07-18 22:08:22,-73.87071228027344,40.77363967895508,-73.9775390625,40.77384948730469
7,2015-07-25 05:46:42,2015-07-25 05:52:23,-73.97647857666014,40.75175094604492,-73.98805236816406,40.734649658203125
8,2015-07-30 20:12:00,2015-07-30 20:20:34,-73.9891586303711,40.742095947265625,-73.98588562011719,40.72802734375
9,2015-07-11 22:18:05,2015-07-11 22:41:04,-73.98049926757811,40.75366973876953,-73.95166015625,40.80963134765625
10,2015-07-14 09:24:01,2015-07-14 09:36:20,-73.98390197753906,40.7407684326172,-74.00541687011719,40.72769165039063
11,2015-07-18 20:17:37,2015-07-18 20:25:52,-73.98801422119139,40.75005722045898,-73.99546813964845,40.73934173583984
12,2015-07-01 12:20:42,2015-07-01 12:55:54,-73.87521362304686,40.77391815185546,-73.9928207397461,40.713172912597656
13,2015-07-14 17:02:05,2015-07-14 17:22:26,-73.97856903076173,40.75127410888672,-73.96792602539062,40.75991821289063
14,2015-07-16 19:28:21,2015-07-16 19:34:54,-73.97978973388672,40.77781295776367,-73.97366333007811,40.78948211669922
15,2015-07-26 21:53:51,2015-07-26 22:04:37,-73.98810577392578,40.75945663452149,-73.962646484375,40.7944564819336
16,2015-07-30 19:54:19,2015-07-30 20:09:28,-73.98412322998048,40.7209358215332,-74.00615692138672,40.735008239746094
17,2015-07-29 08:26:17,2015-07-29 08:34:11,-73.9801025390625,40.74893569946289,-73.96908569335938,40.76131057739258
18,2015-07-18 16:54:06,2015-07-18 17:02:52,-73.99249267578125,40.71971130371094,-73.96015167236328,40.7139892578125
19,2015-07-29 22:43:23,2015-07-29 22:46:29,-73.97003936767578,40.76544189453125,-73.96255493164062,40.776611328125
20,2015-07-12 12:43:31,2015-07-12 12:48:06,-73.96974182128906,40.78470993041992,-73.9715118408203,40.791988372802734
21,2015-07-31 12:44:16,2015-07-31 12:50:44,-73.97066497802734,40.79358673095703,-73.95716094970702,40.812049865722656
22,2015-07-25 21:00:24,2015-07-25 21:03:54,-73.95015716552734,40.77972030639648,-73.95711517333984,40.78310012817384
23,2015-07-12 13:17:23,2015-07-12 13:41:05,-74.00275421142578,40.72350692749024,-73.9810791015625,40.77341842651367
24,2015-07-19 04:07:05,2015-07-19 04:12:47,-73.99943542480467,40.733524322509766,-73.98350524902342,40.73014068603516
25,2015-07-13 10:31:57,2015-07-13 10:40:23,-73.99063110351561,40.756439208984375,-73.97882843017578,40.76288986206056
26,2015-07-03 18:01:24,2015-07-03 18:18:02,-73.98362731933594,40.7260856628418,-73.968994140625,40.75800323486328
27,2015-07-09 15:40:20,2015-07-09 15:44:07,-73.98114776611328,40.780567169189446,-73.98628234863281,40.77851486206056
28,2015-07-14 18:32:36,2015-07-14 18:44:54,-73.98971557617188,40.7399787902832,-74.00296783447266,40.724571228027344
29,2015-07-31 22:52:34,2015-07-31 23:21:00,-73.9972915649414,40.7365608215332,-73.9515151977539,40.80451583862305
30,2015-07-23 11:15:10,2015-07-23 11:29:33,-73.97474670410156,40.756141662597656,-73.98873901367188,40.73699569702149
31,2015-07-08 11:45:35,2015-07-08 11:59:41,-73.9783477783203,40.766883850097656,-73.97479248046875,40.75374221801758
32,2015-07-05 14:00:23,2015-07-05 14:06:16,-73.98194885253906,40.77754592895508,-73.96656036376953,40.80081558227539
33,2015-07-02 20:09:36,2015-07-02 20:30:27,-73.98966979980467,40.75878143310546,-74.0074691772461,40.70499038696289
34,2015-07-18 19:19:20,2015-07-18 19:31:30,-73.99208068847656,40.75931167602539,-73.98001098632812,40.74563980102539
35,2015-07-06 18:46:25,2015-07-06 18:51:30,-73.98728942871094,40.72225570678711,-73.99761962890625,40.72428894042969
36,2015-07-09 20:17:26,2015-07-09 20:34:22,-73.98597717285155,40.75190353393555,-73.94967651367188,40.77252960205078
37,2015-07-29 14:46:55,2015-07-29 14:51:42,-73.9886703491211,40.75718688964844,-73.98128509521484,40.76823806762695
38,2015-07-13 16:43:08,2015-07-13 17:27:57,-73.87483978271484,40.77406311035156,-74.0143051147461,40.705543518066406
39,2015-07-24 01:58:20,2015-07-24 02:10:35,-73.99243927001953,40.718788146972656,-73.98522186279298,40.75216293334961
40,2015-07-09 09:20:31,2015-07-09 09:35:28,-73.95669555664062,40.763050079345696,-73.9892578125,40.72653579711913
41,2015-07-15 08:39:15,2015-07-15 09:01:36,-74.0074920654297,40.715625762939446,-73.99864959716798,40.753517150878906
42,2015-07-30 08:53:34,2015-07-30 09:09:00,-73.99813842773438,40.75606155395508,-74.01013946533203,40.72129821777344
43,2015-07-26 10:11:11,2015-07-26 10:17:33,-73.98503875732422,40.763282775878906,-73.99128723144531,40.749610900878906
44,2015-07-14 06:27:43,2015-07-14 06:34:31,-73.97479248046875,40.787559509277344,-73.97223663330078,40.76537322998047
45,2015-07-17 03:14:54,2015-07-17 03:22:00,-73.99201202392578,40.72180938720703,-74.00483703613281,40.70858001708984
46,2015-07-08 22:10:12,2015-07-08 22:18:47,-73.96848297119139,40.75511169433594,-73.96210479736328,40.7736930847168
47,2015-07-13 18:27:31,2015-07-13 18:31:04,-74.0072021484375,40.73423004150391,-74.00556945800781,40.74082946777344
48,2015-07-24 19:40:56,2015-07-24 19:46:35,-73.9776611328125,40.746559143066406,-73.97463226318358,40.75300979614258
49,2015-07-28 22:59:42,2015-07-28 23:12:41,-73.97168731689453,40.762710571289055,-73.99114990234375,40.750442504882805
50,2015-07-23 08:05:26,2015-07-23 08:12:02,-73.99931335449217,40.74406433105469,-73.98766326904298,40.74142074584961
51,2015-07-19 03:05:47,2015-07-19 03:24:28,-74.00151824951173,40.74129104614258,-73.94628143310547,40.82799911499024
52,2015-07-27 18:32:29,2015-07-27 19:01:33,-73.97718811035155,40.7544403076172,-74.01029968261719,40.74676132202149
53,2015-07-10 20:21:31,2015-07-10 20:42:04,-73.98729705810547,40.7330322265625,-73.9833755493164,40.758338928222656
54,2015-07-11 19:23:11,2015-07-11 19:42:21,-73.98932647705078,40.75065612792969,-73.98619842529298,40.760650634765625
55,2015-07-18 01:22:21,2015-07-18 01:33:04,-73.97809600830078,40.76307678222656,-73.97367858886719,40.73784637451172
56,2015-07-29 22:28:03,2015-07-29 22:36:44,-73.98820495605469,40.7236328125,-73.97884368896483,40.74064254760742
57,2015-07-08 21:30:51,2015-07-08 21:43:32,-73.98975372314453,40.72554397583008,-73.9910430908203,40.75017929077149
58,2015-07-25 02:04:18,2015-07-25 02:13:01,-73.99913024902342,40.727851867675774,-73.99057006835938,40.740093231201165
59,2015-07-06 12:14:27,2015-07-06 12:16:24,-73.9694061279297,40.7635498046875,-73.96659088134764,40.767276763916016
60,2015-07-16 15:25:47,2015-07-16 15:33:06,-73.99542236328125,40.739288330078125,-73.98690795898438,40.75086975097656
61,2015-07-21 11:32:02,2015-07-21 11:49:35,-73.99442291259764,40.75608825683594,-73.9911117553711,40.73495101928711
62,2015-07-20 08:16:41,2015-07-20 08:40:16,-73.9758529663086,40.75550842285156,-74.01423645019531,40.71394348144531
63,2015-07-13 11:34:36,2015-07-13 11:42:04,-73.9903564453125,40.75409698486328,-73.98751831054686,40.744285583496094
64,2015-07-10 20:21:31,2015-07-10 20:53:44,-74.0012969970703,40.73651885986328,-73.99071502685547,40.6721305847168
65,2015-07-08 18:55:31,2015-07-08 19:03:04,-73.99958038330078,40.73350524902344,-74.00701141357422,40.740821838378906
66,2015-07-31 19:30:20,2015-07-31 19:41:47,-73.97374725341797,40.76070785522461,-73.98628234863281,40.77759552001953
67,2015-07-19 21:32:11,2015-07-19 22:02:13,-73.86280059814453,40.7686882019043,-73.96591186523438,40.67719650268555
68,2015-07-05 20:18:39,2015-07-05 20:41:59,-73.8626708984375,40.768856048583984,-73.97920227050781,40.77695083618164
69,2015-07-07 01:01:08,2015-07-07 01:12:11,-73.99735260009764,40.72735595703125,-73.98739624023438,40.687313079833984
70,2015-07-25 21:42:53,2015-07-25 21:53:43,-73.96959686279298,40.75969314575195,-73.98188018798828,40.764686584472656
71,2015-07-16 21:43:20,2015-07-16 21:55:11,-73.9841537475586,40.76522064208984,-73.95980834960938,40.7678108215332
72,2015-07-02 14:10:22,2015-07-02 14:22:24,-73.97648620605469,40.75926208496094,-73.99855804443358,40.734668731689446
73,2015-07-30 10:39:48,2015-07-30 11:00:36,-73.96658325195312,40.75838088989258,-73.97234344482422,40.764835357666016
74,2015-07-12 17:29:52,2015-07-12 17:55:55,-73.95463562011719,40.819988250732415,-73.89703369140625,40.88224029541016
75,2015-07-24 06:06:44,2015-07-24 06:12:55,-73.99400329589844,40.73550033569336,-73.98219299316406,40.759864807128906
76,2015-07-02 20:23:04,2015-07-02 20:42:10,-73.95423126220702,40.764137268066406,-73.90057373046875,40.744815826416016
77,2015-07-18 23:27:27,2015-07-18 23:35:07,-74.00376892089844,40.72551727294922,-73.9942626953125,40.720123291015625
78,2015-07-14 02:02:46,2015-07-14 02:13:45,-73.92545318603516,40.75217819213867,-73.88352203369139,40.750919342041016
79,2015-07-04 22:15:38,2015-07-04 22:23:21,-73.97228240966798,40.75518035888672,-73.98313903808595,40.762310028076165
80,2015-07-22 07:05:30,2015-07-22 07:15:44,-73.96454620361328,40.79197311401367,-73.95557403564453,40.76581573486328
81,2015-07-22 02:14:06,2015-07-22 02:18:14,-73.99381256103516,40.72067260742188,-73.98758697509764,40.72126770019531
82,2015-07-24 11:41:29,2015-07-24 11:52:59,-73.98307037353516,40.7305793762207,-73.98988342285155,40.71057891845703
83,2015-07-16 22:15:03,2015-07-16 22:36:02,-73.98977661132812,40.73412704467773,-73.9461898803711,40.79970169067384
84,2015-07-19 12:17:53,2015-07-19 13:15:53,-74.00408172607422,40.72393035888672,-73.77631378173827,40.645545959472656
85,2015-07-09 20:50:56,2015-07-09 21:18:49,-73.98883819580078,40.768211364746094,-74.03434753417967,40.74504852294922
86,2015-07-23 11:27:14,2015-07-23 11:55:31,-73.9553985595703,40.776065826416016,-73.9884033203125,40.74785614013672
87,2015-07-02 00:14:23,2015-07-02 00:38:56,-73.98548126220702,40.74702072143555,-73.96012115478516,40.8157615661621
88,2015-07-28 14:15:25,2015-07-28 14:31:01,-73.97990417480467,40.764793395996094,-73.97157287597656,40.75957489013672
89,2015-07-31 08:19:16,2015-07-31 08:35:12,-73.95504760742188,40.77745819091797,-73.96939086914062,40.76044464111328
90,2015-07-31 21:30:52,2015-07-31 21:44:20,-73.9906234741211,40.75094223022461,-73.9703598022461,40.756290435791016
91,2015-07-30 20:07:24,2015-07-30 20:28:06,-73.982666015625,40.77156829833984,-73.97291564941406,40.74892044067384
92,2015-07-20 19:52:32,2015-07-20 19:56:41,-73.99127197265625,40.730377197265625,-73.97850799560547,40.72960662841797
93,2015-07-21 13:22:28,2015-07-21 13:36:12,-74.00408935546875,40.716941833496094,-73.99765014648438,40.6880111694336
94,2015-07-18 02:02:15,2015-07-18 02:11:33,-73.97984313964845,40.78374481201172,-73.96147918701173,40.768508911132805
95,2015-07-16 06:37:49,2015-07-16 06:48:14,-73.9874267578125,40.77618408203125,-73.95541381835938,40.8268928527832
96,2015-07-22 08:05:52,2015-07-22 08:12:27,-73.9820785522461,40.77611923217773,-73.9645004272461,40.794788360595696
97,2015-07-15 16:27:56,2015-07-15 16:37:59,-73.97853851318358,40.751323699951165,-73.95984649658203,40.760303497314446
98,2015-07-28 09:51:08,2015-07-28 10:00:06,-73.98460388183594,40.75677108764648,-73.97321319580078,40.760780334472656
99,2015-07-19 10:59:10,2015-07-19 11:10:07,-74.00382232666014,40.753299713134766,-73.97637176513672,40.76152038574219
100,2015-07-01 18:44:57,2015-07-01 18:54:32,-74.00798797607422,40.73988342285156,-73.98847961425781,40.74555206298828
101,2015-07-10 15:10:53,2015-07-10 15:35:41,-73.99345397949219,40.729286193847656,-74.00270080566406,40.74944305419922
102,2015-07-12 18:48:07,2015-07-12 19:02:54,0.0,0.0,0.0,0.0
103,2015-07-29 07:35:58,2015-07-29 07:41:00,-73.99027252197266,40.75505065917969,-74.00447082519531,40.75261688232422
104,2015-07-04 21:32:29,2015-07-04 21:34:18,-73.99612426757811,40.74429702758789,-73.99289703369139,40.74314880371094
105,2015-07-01 11:31:12,2015-07-01 11:40:02,-73.97822570800781,40.757286071777344,-73.98065185546875,40.76395034790039
106,2015-07-10 18:43:26,2015-07-10 19:06:28,-73.99455261230467,40.75056838989258,-73.862060546875,40.76866149902344
107,2015-07-30 17:34:26,2015-07-30 18:06:50,-73.98280334472656,40.73099899291992,-73.96308135986328,40.75761032104492
108,2015-07-03 21:09:25,2015-07-03 21:12:36,-73.98878479003906,40.763404846191406,-73.9852523803711,40.763282775878906
109,2015-07-10 10:08:59,2015-07-10 10:22:58,-73.99080657958984,40.7661018371582,-73.9432601928711,40.84029006958008
110,2015-07-23 18:09:37,2015-07-23 18:12:49,-73.93264007568358,40.75107192993164,-73.93252563476561,40.751121520996094
111,2015-07-29 10:04:04,2015-07-29 10:12:12,-73.96476745605469,40.77555847167969,-73.97354888916014,40.763530731201165
112,2015-07-25 01:02:53,2015-07-25 01:07:45,-73.98360443115233,40.76580429077149,-73.97762298583984,40.75373840332031
113,2015-07-24 00:18:44,2015-07-24 00:31:07,-73.98995971679686,40.73416519165039,-73.98660278320312,40.76181411743164
114,2015-07-18 01:01:12,2015-07-18 01:13:03,-73.98573303222656,40.746894836425774,-73.98968505859375,40.77458572387695
115,2015-07-30 00:30:37,2015-07-30 00:34:39,-73.99855041503906,40.75025939941406,-73.99729919433594,40.74197006225586
116,2015-07-01 17:38:12,2015-07-01 17:47:00,-73.97002410888672,40.75673675537109,-73.95594024658203,40.776172637939446
117,2015-07-10 07:22:22,2015-07-10 07:26:28,-73.98188018798828,40.76290893554688,-73.98863983154298,40.75910949707031
118,2015-07-07 20:37:29,2015-07-07 21:03:26,-73.98558807373048,40.67401885986328,-73.99176788330078,40.743518829345696
119,2015-07-14 07:47:43,2015-07-14 07:49:51,-73.99044799804686,40.75593185424805,-73.98674774169923,40.760738372802734
120,2015-07-06 16:34:09,2015-07-06 16:47:29,-73.95991516113281,40.77361679077149,-73.95830535888672,40.764026641845696
121,2015-07-26 21:14:12,2015-07-26 21:19:37,-73.96500396728516,40.75555419921875,-73.94564819335938,40.781925201416016
122,2015-07-23 06:05:57,2015-07-23 06:27:56,-73.98069763183594,40.7800407409668,-73.86492919921875,40.77037048339844
123,2015-07-31 10:26:32,2015-07-31 10:38:40,-73.98237609863281,40.767913818359375,-73.99840545654298,40.76422119140625
124,2015-07-11 13:56:42,2015-07-11 14:01:11,-73.97968292236328,40.7636604309082,-73.97212982177734,40.7622184753418
125,2015-07-17 15:14:20,2015-07-17 15:30:56,-73.99161529541014,40.75503921508789,-73.96227264404298,40.779052734375
126,2015-07-10 10:14:42,2015-07-10 10:30:48,-73.99525451660156,40.7309455871582,-73.97334289550781,40.758613586425774
127,2015-07-23 00:56:17,2015-07-23 01:05:10,-74.00120544433594,40.727500915527344,-73.97573852539062,40.7285270690918
128,2015-07-17 09:49:33,2015-07-17 10:18:21,-73.99495697021484,40.75043869018555,-73.95476531982422,40.767311096191406
129,2015-07-28 09:45:20,2015-07-28 10:04:37,-73.94969177246092,40.78453063964844,-73.96793365478516,40.75952911376953
130,2015-07-03 06:17:03,2015-07-03 06:34:04,-73.98609161376953,40.72232818603516,-73.99710083007811,40.71794128417969
131,2015-07-31 20:29:52,2015-07-31 20:45:02,-73.96366882324217,40.80853271484375,-73.94788360595702,40.776321411132805
132,2015-07-24 17:19:58,2015-07-24 17:29:53,-73.97330474853516,40.765045166015625,-73.97557830810547,40.76113510131836
133,2015-07-09 12:52:44,2015-07-09 13:01:06,-73.96844482421875,40.76759719848633,-73.9630126953125,40.76332092285156
134,2015-07-31 23:32:48,2015-07-31 23:41:50,-73.95684051513672,40.780799865722656,-73.96556091308594,40.8004264831543
135,2015-07-15 16:34:00,2015-07-15 17:02:36,-73.9876251220703,40.73821640014648,-73.9491958618164,40.77712631225586
136,2015-07-29 06:56:49,2015-07-29 07:53:53,-73.8019790649414,40.664981842041016,-73.96614837646483,40.79140090942384
137,2015-07-25 20:06:32,2015-07-25 20:15:31,-73.98497009277344,40.76380920410156,-73.95433807373048,40.77569580078125
138,2015-07-30 18:41:09,2015-07-30 18:49:47,-74.00618743896483,40.730201721191406,-74.00753021240233,40.740970611572266
139,2015-07-25 17:31:06,2015-07-25 17:36:18,-73.77679443359375,40.64583587646485,-73.79148864746092,40.665351867675774
140,2015-07-05 20:18:27,2015-07-05 20:22:25,-73.98231506347656,40.778911590576165,-73.98021697998048,40.789024353027344
141,2015-07-31 09:10:57,2015-07-31 09:17:00,-73.98667907714845,40.734161376953125,-73.99662780761719,40.7257194519043
142,2015-07-20 00:52:22,2015-07-20 00:56:28,0.0,0.0,0.0,0.0
143,2015-07-13 18:01:12,2015-07-13 18:11:57,-73.99897003173827,40.724910736083984,-73.98531341552734,40.74151992797852
144,2015-07-27 18:00:44,2015-07-27 18:14:27,-73.96666717529298,40.789024353027344,-73.96890258789062,40.76078414916992
145,2015-07-30 07:36:44,2015-07-30 07:43:47,-73.95581817626953,40.77870178222656,-73.96866607666014,40.76473617553711
146,2015-07-05 06:31:52,2015-07-05 07:02:22,-73.97642517089844,40.790714263916016,-73.78741455078125,40.64543533325195
147,2015-07-10 21:21:27,2015-07-10 21:34:20,-73.976318359375,40.776660919189446,-73.9473876953125,40.7726936340332
148,2015-07-24 22:48:45,2015-07-24 22:59:11,-73.97293853759764,40.79062271118164,-73.94474792480467,40.818946838378906
149,2015-07-07 17:15:30,2015-07-07 17:29:46,-73.97879791259764,40.75152969360352,-73.96707916259764,40.76128768920898
150,2015-07-13 17:58:05,2015-07-13 18:17:47,-73.99049377441406,40.741207122802734,-73.98738861083984,40.69180679321289
151,2015-07-24 15:33:26,2015-07-24 15:57:58,-73.99658966064453,40.725616455078125,-73.97850036621094,40.763553619384766
152,2015-07-10 22:52:14,2015-07-10 23:00:06,-73.98948669433594,40.75782012939453,-73.99600219726561,40.76765060424805
153,2015-07-30 12:54:39,2015-07-30 12:58:30,-73.89157104492188,40.76874923706056,-73.90312957763672,40.77082824707031
154,2015-07-20 22:24:32,2015-07-20 22:47:00,-73.98303985595702,40.766460418701165,-73.9272232055664,40.762798309326165
155,2015-07-25 12:43:08,2015-07-25 12:49:36,-73.96305847167967,40.79413986206056,-73.97617340087889,40.77606201171875
156,2015-07-01 20:04:02,2015-07-02 19:28:20,-73.98314666748048,40.72657012939453,-73.94593811035155,40.805442810058594
157,2015-07-07 17:08:16,2015-07-07 17:15:29,-73.9675521850586,40.78769302368164,-73.9608383178711,40.77505874633789
158,2015-07-08 22:18:04,2015-07-08 22:44:20,-74.0090103149414,40.71880340576172,-73.95067596435547,40.78582763671875
159,2015-07-26 09:06:15,2015-07-26 09:35:22,-73.98625183105469,40.75943756103516,-74.17678833007811,40.69383239746094
160,2015-07-04 14:08:25,2015-07-04 14:15:36,-73.99099731445312,40.7504997253418,-73.981689453125,40.76751708984375
161,2015-07-07 19:47:13,2015-07-07 20:09:22,-73.86305236816406,40.769798278808594,-73.96685028076173,40.75566101074219
162,2015-07-07 17:50:43,2015-07-07 17:55:45,-73.96281433105469,40.77259826660156,-73.9560546875,40.784534454345696
163,2015-07-19 17:00:40,2015-07-19 17:17:34,-73.98863220214844,40.69366455078125,-73.87260437011719,40.77445602416992
164,2015-07-09 19:08:49,2015-07-09 19:15:30,-73.9676742553711,40.76872253417969,-73.95552825927734,40.78770446777344
165,2015-07-14 18:03:39,2015-07-14 18:15:05,-73.97853088378906,40.78331756591797,-73.9825668334961,40.76913070678711
166,2015-07-28 14:07:26,2015-07-28 14:27:21,-73.95947265625,40.77960205078125,-73.99829864501953,40.76127243041992
167,2015-07-24 00:59:20,2015-07-24 01:08:18,-73.95781707763672,40.76522064208984,-74.0045394897461,40.70993041992188
168,2015-07-03 13:27:27,2015-07-03 13:37:39,-73.96997833251953,40.75314331054688,-73.98135375976561,40.76889801025391
169,2015-07-03 23:10:03,2015-07-03 23:16:56,-73.99162292480467,40.73459243774414,-74.00658416748048,40.73940658569336
170,2015-07-06 08:55:52,2015-07-06 09:02:22,-73.974853515625,40.75185012817384,-73.9796142578125,40.73744583129882
171,2015-07-16 15:22:47,2015-07-16 15:41:31,-73.9547576904297,40.773868560791016,-73.99053955078125,40.73885345458984
172,2015-07-14 20:03:36,2015-07-14 20:12:41,-73.96965026855469,40.79777145385742,-73.94278717041014,40.79072189331056
173,2015-07-09 08:56:36,2015-07-09 09:04:07,-73.98482513427734,40.736572265625,-73.99799346923827,40.729488372802734
174,2015-07-27 13:06:44,2015-07-27 13:13:29,-74.00650787353516,40.75141143798828,-74.00720977783203,40.74349212646485
175,2015-07-29 07:10:40,2015-07-29 07:12:59,-73.99506378173827,40.73395919799805,-73.99945068359375,40.73942947387695
176,2015-07-21 16:06:46,2015-07-21 16:17:56,-73.99383544921875,40.7413215637207,-73.99775695800781,40.72550582885742
177,2015-07-16 08:46:20,2015-07-16 08:49:22,-73.99571228027342,40.76474380493164,-74.00237274169923,40.75516128540039
178,2015-07-14 06:31:29,2015-07-14 06:45:01,-73.96791076660156,40.802127838134766,-73.9794692993164,40.75529861450195
179,2015-07-09 01:37:18,2015-07-09 01:44:19,-73.97979736328125,40.76392364501953,-73.9979248046875,40.756595611572266
180,2015-07-19 14:03:14,2015-07-19 14:17:26,-73.9786605834961,40.783306121826165,-73.95620727539062,40.76887893676758
181,2015-07-16 20:27:22,2015-07-16 20:48:11,-73.98796844482422,40.73226165771485,-73.9764633178711,40.764869689941406
182,2015-07-24 21:29:11,2015-07-24 21:31:58,-73.98194885253906,40.768951416015625,-73.9773712158203,40.76456451416016
183,2015-07-03 19:28:00,2015-07-03 19:39:40,-73.99456787109375,40.7506217956543,-73.98340606689453,40.75704956054688
184,2015-07-16 12:05:57,2015-07-16 12:37:27,-73.98638153076173,40.77749633789063,-73.98145294189453,40.75553131103516
185,2015-07-11 01:57:19,2015-07-11 02:03:03,-73.96764373779298,40.756343841552734,-73.9856719970703,40.73149871826172
186,2015-07-08 22:41:30,2015-07-08 22:54:43,-73.98977661132812,40.7343635559082,-73.95908355712889,40.7436981201172
187,2015-07-03 21:27:08,2015-07-03 21:49:04,-74.0170669555664,40.704902648925774,-73.96250915527342,40.71994018554688
188,2015-07-06 10:54:44,2015-07-06 11:02:22,-73.98206329345702,40.75544738769531,-73.99128723144531,40.750038146972656
189,2015-07-02 08:12:59,2015-07-02 08:27:52,-74.00401306152342,40.74788665771485,-73.98996734619139,40.75261688232422
190,2015-07-06 23:15:22,2015-07-06 23:33:05,-73.87445831298828,40.77405548095703,-73.95796966552734,40.800979614257805
191,2015-07-20 08:07:00,2015-07-20 08:25:48,-73.95417785644531,40.77054977416992,-74.01378631591797,40.71477890014648
192,2015-07-20 18:22:58,2015-07-20 18:34:08,0.0,0.0,0.0,0.0
193,2015-07-26 13:51:36,2015-07-26 14:11:23,-73.78995513916014,40.6470832824707,-73.82238006591797,40.712600708007805
194,2015-07-17 06:23:09,2015-07-17 06:27:24,-73.97319030761719,40.7827033996582,-73.96145629882812,40.77458953857422
195,2015-07-07 22:56:16,2015-07-07 23:24:25,-73.78821563720702,40.641414642333984,-73.95656585693358,40.67454528808594
196,2015-07-10 18:01:45,2015-07-10 18:07:55,-73.99416351318358,40.74658966064453,-73.98687744140625,40.731571197509766
197,2015-07-22 12:12:05,2015-07-22 12:28:02,-73.98408508300781,40.72924423217773,-73.98085021972656,40.74936676025391
198,2015-07-13 13:59:50,2015-07-13 14:00:37,-73.98629760742188,40.76702117919922,-73.98905944824217,40.763179779052734
199,2015-07-23 11:22:22,2015-07-23 11:41:41,-73.96549224853516,40.79079818725586,-73.95421600341797,40.76408004760742
0,2015-07-15 23:46:11,2015-07-16 00:08:38,-73.95771789550781,40.72199630737305,-73.96131134033203,40.66412353515625
1,2015-07-02 21:20:48,2015-07-02 21:24:34,-73.93519592285155,40.76140213012695,-73.93135070800781,40.77153778076172
2,2015-07-22 05:29:49,2015-07-22 05:33:19,-73.95530700683594,40.78876876831056,-73.96131134033203,40.798614501953125
3,2015-07-08 07:55:43,2015-07-08 08:21:39,-73.99673461914062,40.69721603393555,-73.9627456665039,40.775100708007805
4,2015-07-31 21:19:57,2015-07-31 21:27:22,-73.95439910888672,40.78993606567384,-73.95272827148438,40.78035354614258
5,2015-07-03 02:43:48,2015-07-03 02:54:31,-73.9581298828125,40.721622467041016,-73.95240020751953,40.7011833190918
6,2015-07-04 20:42:54,2015-07-04 20:48:14,-73.94736480712889,40.81031036376953,-73.93576049804686,40.815479278564446
7,2015-07-01 16:46:46,2015-07-01 16:53:10,-73.84425354003906,40.721389770507805,-73.85963439941406,40.71812438964844
8,2015-07-19 23:18:37,2015-07-19 23:26:14,-73.93921661376953,40.81069946289063,-73.94640350341797,40.785022735595696
9,2015-07-21 19:52:11,2015-07-21 20:17:33,-73.9939956665039,40.70272445678711,-73.98310852050781,40.76407241821289
10,2015-07-11 00:34:55,2015-07-11 01:08:56,-73.97711181640625,40.67225646972656,-73.98472595214844,40.71900177001953
11,2015-07-23 13:01:46,2015-07-23 13:20:50,-73.95875549316406,40.69650650024414,-73.94210815429686,40.667644500732415
12,2015-07-18 17:20:42,2015-07-18 17:28:41,-73.90341949462889,40.7459831237793,-73.90493774414062,40.7291374206543
13,2015-07-12 14:17:42,2015-07-12 14:27:54,-73.98774719238281,40.69039535522461,-73.96173858642578,40.675247192382805
14,2015-07-24 12:23:58,2015-07-24 12:27:09,-73.83114624023438,40.69988632202149,-73.83165740966798,40.70697021484375
15,2015-07-27 00:09:00,2015-07-27 00:25:18,-73.97295379638672,40.68576049804688,-73.92197418212889,40.67935180664063
16,2015-07-25 15:32:18,2015-07-25 15:45:31,-73.86988830566406,40.73355484008789,-73.8953399658203,40.745906829833984
17,2015-07-24 11:30:50,2015-07-24 11:47:42,-73.93716430664062,40.84811019897461,-73.95689392089844,40.77768707275391
18,2015-07-20 06:30:22,2015-07-20 06:53:19,-73.91547393798828,40.77253723144531,-73.97010803222656,40.76108169555664
19,2015-07-06 15:31:02,2015-07-06 15:57:26,-73.94454956054686,40.79477691650391,-73.9579849243164,40.76763534545898
20,2015-07-02 12:08:34,2015-07-02 12:13:35,-73.93402862548828,40.58425521850586,-73.95843505859375,40.58367156982422
21,2015-07-19 22:16:32,2015-07-19 22:19:11,-73.89032745361328,40.74618148803711,-73.8813247680664,40.74195098876953
22,2015-07-22 22:08:24,2015-07-22 22:24:32,-73.96485137939453,40.71081161499024,-73.99557495117188,40.723175048828125
23,2015-07-07 18:12:56,2015-07-07 18:25:07,-73.93893432617188,40.805458068847656,-73.96681976318358,40.79361343383789
24,2015-07-29 10:46:53,2015-07-29 10:58:17,-73.95366668701173,40.58734893798828,-73.93253326416014,40.61746597290039
25,2015-07-27 22:46:09,2015-07-27 22:56:16,-73.87432861328125,40.73508834838867,-73.85769653320312,40.74280548095703
26,2015-07-10 07:14:05,2015-07-10 07:32:16,-73.97021484375,40.69497299194336,-73.99003601074217,40.73252868652344
27,2015-07-24 00:13:09,2015-07-24 00:24:45,-73.96784973144531,40.68346405029297,-73.92861938476561,40.68087005615234
28,2015-07-11 20:51:25,2015-07-11 20:54:45,-73.95233917236328,40.81058883666992,-73.95345306396483,40.80210113525391
29,2015-07-16 03:48:19,2015-07-16 04:04:27,-73.9581527709961,40.72163772583008,-73.88671875,40.75743865966797
30,2015-07-10 07:01:22,2015-07-10 07:07:18,-73.94049072265625,40.84024810791016,-73.92620849609375,40.86374282836913
31,2015-07-01 11:00:53,2015-07-01 11:09:59,-73.94640350341797,40.806400299072266,-73.92789459228516,40.821643829345696
32,2015-07-07 18:31:38,2015-07-07 18:40:22,-73.97836303710938,40.687950134277344,-73.98726654052734,40.691211700439446
33,2015-07-16 22:47:00,2015-07-16 23:10:29,-73.9398193359375,40.79777145385742,-73.9863052368164,40.76019287109375
34,2015-07-17 20:44:51,2015-07-17 21:04:22,-73.91191864013672,40.77537536621094,-73.8870620727539,40.72414016723633
35,2015-07-24 02:46:53,2015-07-24 02:54:06,-73.94924163818358,40.78550720214844,-73.94261932373048,40.79323959350586
36,2015-07-12 14:54:51,2015-07-12 15:01:11,-73.87413787841797,40.75682067871094,-73.87765502929686,40.7483024597168
37,2015-07-20 09:28:57,2015-07-20 09:41:37,-73.903564453125,40.74532699584961,-73.92298126220702,40.76361083984375
38,2015-07-11 15:49:41,2015-07-11 15:56:12,-73.97789001464844,40.68450546264648,-73.96997833251953,40.69309616088867
39,2015-07-16 14:53:22,2015-07-16 14:57:39,-73.94387817382812,40.7843132019043,-73.93271636962889,40.79548263549805
40,2015-07-15 17:53:58,2015-07-15 18:01:39,-73.94994354248048,40.68048095703125,-73.93562316894531,40.685840606689446
41,2015-07-05 22:11:32,2015-07-05 22:22:11,-73.92099761962889,40.86782836914063,-73.94432830810547,40.829864501953125
42,2015-07-10 16:27:46,2015-07-10 16:52:38,-73.92924499511719,40.659812927246094,-73.93032836914062,40.616565704345696
43,2015-07-06 18:21:37,2015-07-06 18:27:35,-73.97779846191406,40.68488693237305,-73.98050689697266,40.6934814453125
44,2015-07-09 14:52:24,2015-07-09 15:06:20,-73.83047485351561,40.75945663452149,-73.8398895263672,40.78165817260742
45,2015-07-03 17:34:56,2015-07-03 17:39:02,-73.9974365234375,40.69107818603516,-73.99940490722656,40.6840705871582
46,2015-07-20 00:06:23,2015-07-20 00:16:57,-73.96330261230467,40.711124420166016,-73.98826599121092,40.71641540527344
47,2015-07-21 01:35:13,2015-07-21 01:49:07,-73.94361114501953,40.810176849365234,-73.94378662109375,40.80997467041016
48,2015-07-25 00:36:16,2015-07-25 00:41:21,-73.91829681396483,40.63235855102539,-73.93819427490233,40.62580871582031
49,2015-07-10 06:53:59,2015-07-10 07:18:04,-73.9576644897461,40.80145263671875,-73.86478424072266,40.77032852172852
50,2015-07-12 09:50:44,2015-07-12 09:57:23,-73.9035873413086,40.74576568603516,-73.92457580566406,40.75355529785156
51,2015-07-26 04:31:11,2015-07-26 04:38:26,-73.95771026611328,40.722110748291016,-73.94728088378906,40.70688247680664
52,2015-07-14 19:30:54,2015-07-14 19:38:22,-73.9788360595703,40.6839256286621,-73.99860382080078,40.69313430786133
53,2015-07-18 19:51:35,2015-07-18 20:01:48,-73.87871551513672,40.83492660522461,-73.86769866943358,40.8507080078125
54,2015-07-04 15:57:06,2015-07-04 16:15:03,-73.98959350585938,40.703479766845696,-73.96437072753906,40.64118957519531
55,2015-07-22 12:43:41,2015-07-22 12:53:12,-73.98341369628906,40.686328887939446,-73.9512176513672,40.68464660644531
56,2015-07-20 12:40:24,2015-07-20 12:50:43,-73.94835662841797,40.80878829956056,-73.93673706054686,40.802207946777344
57,2015-07-15 07:00:29,2015-07-15 07:36:41,-73.99960327148438,40.688133239746094,-73.77644348144531,40.64534378051758
58,2015-07-18 23:11:56,2015-07-18 23:21:11,-73.9315185546875,40.66414642333984,-73.93013763427734,40.68870162963867
59,2015-07-18 17:41:06,2015-07-18 18:13:09,-73.8519287109375,40.83413314819336,-73.93775177001953,40.84498596191406
60,2015-07-22 15:29:54,2015-07-22 15:43:01,-73.92915344238281,40.67928695678711,-73.95676422119139,40.69080352783203
61,2015-07-29 23:00:31,2015-07-29 23:22:21,-73.99582672119139,40.694435119628906,-73.99504852294923,40.745155334472656
62,2015-07-22 07:21:52,2015-07-22 07:36:21,-73.95363616943358,40.78710174560546,-73.97480010986328,40.75514602661133
63,2015-07-10 00:58:25,2015-07-10 01:40:43,-73.90151977539062,40.75104904174805,-73.90133666992188,40.75019073486328
64,2015-07-13 20:19:04,2015-07-13 20:26:41,-73.96111297607422,40.694202423095696,-73.9607925415039,40.70867156982422
65,2015-07-21 00:08:01,2015-07-21 00:12:49,-73.94242095947266,40.78622817993164,-73.9424285888672,40.798954010009766
66,2015-07-12 01:26:46,2015-07-12 01:33:19,-73.95063018798828,40.826393127441406,-73.95945739746092,40.80942535400391
67,2015-07-18 09:59:28,2015-07-18 10:04:51,-73.960693359375,40.66083908081056,-73.96497344970702,40.65283584594727
68,2015-07-09 11:44:43,2015-07-09 11:50:11,-73.95375061035155,40.78786087036133,-73.95657348632812,40.78384017944336
69,2015-07-13 21:05:28,2015-07-13 21:13:52,-73.9603500366211,40.71525192260742,-73.99360656738281,40.72089767456056
70,2015-07-15 07:16:26,2015-07-15 07:31:25,-73.94483947753906,40.82383728027344,-73.95571899414062,40.78116226196289
71,2015-07-05 00:00:12,2015-07-05 00:13:45,-73.8075180053711,40.700286865234375,-73.7538833618164,40.7119026184082
72,2015-07-14 19:31:11,2015-07-14 19:40:24,-73.95466613769531,40.80553817749024,-73.98021697998048,40.78397750854492
73,2015-07-05 22:27:09,2015-07-05 22:38:06,-73.93985748291014,40.70767593383789,-73.92684936523438,40.684429168701165
74,2015-07-29 21:09:57,2015-07-29 21:18:17,-73.94544982910156,40.80792617797852,-73.96691131591797,40.80344009399414
75,2015-07-15 05:54:41,2015-07-15 05:58:31,-73.93975067138672,40.7943115234375,-73.95303344726561,40.79176330566406
76,2015-07-01 00:57:00,2015-07-01 01:07:54,-73.94452667236328,40.714656829833984,-73.92746734619139,40.68984603881836
77,2015-07-05 10:23:31,2015-07-05 10:27:10,-73.9629364013672,40.671756744384766,-73.97505187988281,40.675048828125
78,2015-07-31 23:47:26,2015-07-31 23:55:47,-73.98829650878906,40.670196533203125,-74.00968170166014,40.67557144165039
79,2015-07-16 08:12:58,2015-07-16 08:15:10,-73.946044921875,40.78953552246094,-73.93740844726561,40.801605224609375
80,2015-07-16 09:35:19,2015-07-16 09:56:09,-73.99742889404298,40.69111251831056,-73.96879577636719,40.70267105102539
81,2015-07-24 12:42:38,2015-07-24 12:57:54,-73.95436096191406,40.816043853759766,-73.94688415527342,40.784454345703125
82,2015-07-20 19:56:16,2015-07-20 20:00:46,-73.93766021728516,40.8044319152832,-73.94815826416014,40.7895736694336
83,2015-07-17 02:50:04,2015-07-17 03:15:35,-73.95877838134764,40.72228240966797,-73.95767211914062,40.66779708862305
84,2015-07-16 16:23:23,2015-07-16 16:32:32,-73.89128875732422,40.86191177368164,-73.88623046875,40.87482070922852
85,2015-07-18 17:21:14,2015-07-18 17:30:38,-73.9100112915039,40.76945495605469,-73.91297912597656,40.777931213378906
86,2015-07-20 17:37:39,2015-07-20 17:42:34,-73.94901275634764,40.680419921875,-73.94086456298828,40.67372894287109
87,2015-07-14 17:38:01,2015-07-14 17:48:19,-73.8797607421875,40.74817657470703,-73.89787292480467,40.756343841552734
88,2015-07-29 13:35:45,2015-07-29 13:38:58,-73.94183349609375,40.82281112670898,-73.93108367919923,40.82168197631836
89,2015-07-16 21:40:20,2015-07-16 22:30:07,-73.97647094726561,40.64838409423828,-73.96975708007811,40.749038696289055
90,2015-07-19 04:29:47,2015-07-19 04:33:12,-73.85975646972656,40.74603271484375,-73.85574340820312,40.74180603027344
91,2015-07-21 02:38:32,2015-07-21 02:43:05,-73.88040161132812,40.74803924560546,-73.87525177001953,40.75192260742188
92,2015-07-18 20:14:25,2015-07-18 20:30:55,-73.92591857910156,40.761375427246094,-73.91523742675781,40.75717544555664
93,2015-07-27 19:14:19,2015-07-27 19:23:03,-73.98038482666014,40.66842651367188,-73.9745101928711,40.6476936340332
94,2015-07-12 15:49:18,2015-07-12 15:54:29,-73.9498519897461,40.81178283691406,-73.96005249023438,40.80469512939453
95,2015-07-11 01:22:50,2015-07-11 01:32:18,-73.9525146484375,40.818641662597656,-73.94007110595702,40.80547332763672
96,2015-07-10 08:56:02,2015-07-10 09:01:42,-73.93214416503906,40.76496505737305,-73.9444808959961,40.747573852539055
97,2015-07-12 17:51:33,2015-07-12 18:04:12,-73.91879272460938,40.75887680053711,-73.88860321044923,40.74676132202149
98,2015-07-01 15:25:15,2015-07-01 15:30:12,-73.94400024414062,40.792510986328125,-73.93275451660156,40.795608520507805
99,2015-07-15 12:01:58,2015-07-15 12:45:28,-73.95643615722656,40.74741363525391,-74.01410675048828,40.713470458984375
100,2015-07-09 08:39:03,2015-07-09 08:43:55,-73.96345520019531,40.67692947387695,-73.97724151611328,40.6840934753418
101,2015-07-18 18:26:39,2015-07-18 18:40:16,-73.99754333496092,40.6789436340332,-74.012451171875,40.64655303955078
102,2015-07-19 21:22:11,2015-07-19 21:38:22,-73.94225311279298,40.84190368652344,-73.97226715087889,40.7889404296875
103,2015-07-27 17:38:15,2015-07-27 17:39:06,-73.9455795288086,40.75153732299805,-73.94554138183594,40.751312255859375
104,2015-07-31 00:01:00,2015-07-31 00:03:30,-73.84508514404298,40.71921157836913,-73.84362030029298,40.71062850952149
105,2015-07-12 11:51:30,2015-07-12 12:07:14,-73.87646484375,40.74849319458008,-73.83161926269531,40.76406097412109
106,2015-07-04 01:23:56,2015-07-04 01:37:36,-73.95695495605469,40.748443603515625,-73.90532684326173,40.75267791748047
107,2015-07-12 02:17:20,2015-07-12 02:23:44,-73.8449478149414,40.72213745117188,-73.82765197753906,40.7291145324707
108,2015-07-14 14:20:02,2015-07-14 14:27:21,-73.91255187988281,40.7558822631836,-73.89678192138672,40.7462158203125
109,2015-07-12 13:29:21,2015-07-12 13:41:47,-73.90340423583984,40.746089935302734,-73.90694427490233,40.729351043701165
110,2015-07-03 16:46:29,2015-07-03 17:04:22,-73.95462036132812,40.713966369628906,-73.99826049804686,40.646350860595696
111,2015-07-01 23:21:06,2015-07-01 23:30:21,-73.94520568847656,40.680206298828125,-73.9632797241211,40.69382095336913
112,2015-07-28 18:08:17,2015-07-28 18:17:02,-73.8914794921875,40.74745178222656,-73.89765167236328,40.760845184326165
113,2015-07-01 23:32:40,2015-07-01 23:59:56,-73.84479522705078,40.75821304321289,-74.00839233398438,40.7199592590332
114,2015-07-30 00:23:41,2015-07-30 00:29:43,-73.94071960449219,40.80587387084961,-73.93896484375,40.816505432128906
115,2015-07-14 08:01:54,2015-07-14 08:31:10,-73.95555877685547,40.674968719482415,-73.8650665283203,40.77056503295898
116,2015-07-07 19:42:27,2015-07-07 19:48:51,-73.84634399414062,40.72183227539063,-73.83830261230467,40.72088623046875
117,2015-07-09 07:43:05,2015-07-09 08:00:00,-73.94191741943358,40.798805236816406,-73.90401458740233,40.834426879882805
118,2015-07-15 23:06:41,2015-07-15 23:15:10,-73.90339660644531,40.745853424072266,-73.90445709228516,40.76471328735352
119,2015-07-24 12:46:51,2015-07-24 13:12:03,-73.96095275878906,40.80696105957031,-73.97847747802734,40.7641487121582
120,2015-07-24 12:36:27,2015-07-24 12:46:53,-73.83028411865233,40.759521484375,-73.86901092529298,40.73379135131836
121,2015-07-12 22:10:42,2015-07-12 22:16:24,-73.84557342529298,40.72038650512695,-73.84709930419923,40.73521423339844
122,2015-07-27 03:09:00,2015-07-27 03:12:43,-73.96016693115233,40.715190887451165,-73.95478820800781,40.70818328857422
123,2015-07-22 14:17:24,2015-07-22 15:08:54,-73.92877197265625,40.80997848510742,-74.00822448730467,40.73429107666016
124,2015-07-03 12:34:39,2015-07-03 12:44:52,-73.99527740478516,40.68827819824219,-73.97787475585938,40.68505096435546
125,2015-07-19 17:55:51,2015-07-19 17:59:52,-73.95013427734375,40.8021240234375,-73.94032287597656,40.80040740966797
126,2015-07-17 06:39:20,2015-07-17 06:54:45,-73.93909454345702,40.791015625,-73.9095458984375,40.87910842895508
127,2015-07-18 15:17:41,2015-07-18 15:25:37,-73.95272827148438,40.810768127441406,-73.9651641845703,40.791351318359375
128,2015-07-01 03:48:51,2015-07-01 03:51:01,-73.92218017578125,40.755195617675774,-73.92509460449219,40.75960540771485
129,2015-07-15 22:27:18,2015-07-15 22:31:37,-73.98065948486328,40.67650604248047,-73.98450469970702,40.68120956420898
130,2015-07-20 11:56:19,2015-07-20 11:59:58,-73.95137023925781,40.78610229492188,-73.9525146484375,40.789825439453125
131,2015-07-10 16:15:19,2015-07-10 16:26:34,-73.94432067871094,40.83454513549805,-73.93996429443358,40.846923828125
132,2015-07-07 01:57:26,2015-07-07 02:09:37,-73.8855743408203,40.74761199951172,-73.8308334350586,40.75862121582031
133,2015-07-30 21:21:45,2015-07-30 21:23:19,-73.92330932617188,40.8170051574707,-73.92340850830078,40.8139533996582
134,2015-07-21 02:03:48,2015-07-21 02:08:16,-73.94210052490233,40.801136016845696,-73.92987823486328,40.7989501953125
135,2015-07-28 07:54:47,2015-07-28 07:58:38,-73.88614654541014,40.858989715576165,-73.8967514038086,40.862598419189446
136,2015-07-23 23:15:58,2015-07-23 23:20:33,-73.95187377929686,40.8039665222168,-73.9541473388672,40.81153106689453
137,2015-07-20 19:05:22,2015-07-20 19:12:22,-73.91173553466798,40.77526473999024,-73.91059875488281,40.76666641235352
138,2015-07-18 23:12:12,2015-07-18 23:43:00,-74.01110076904298,40.6789436340332,-73.9686279296875,40.791553497314446
139,2015-07-28 21:54:47,2015-07-28 22:04:08,-73.98696899414062,40.69862365722656,-73.96036529541014,40.68888092041016
140,2015-07-28 12:55:18,2015-07-28 13:25:13,-73.9392852783203,40.84186935424805,-73.96648406982422,40.77072143554688
141,2015-07-23 20:48:36,2015-07-23 20:56:34,-73.95553588867188,40.71993637084961,-73.94029998779298,40.710079193115234
142,2015-07-12 05:55:12,2015-07-12 05:56:38,-73.7845230102539,40.7065658569336,-73.78287506103516,40.702178955078125
143,2015-07-09 16:18:21,2015-07-09 16:23:56,-73.94294738769531,40.7940673828125,-73.95875549316406,40.800899505615234
144,2015-07-22 04:06:36,2015-07-22 04:09:38,-73.8957290649414,40.746360778808594,-73.88604736328125,40.74739456176758
145,2015-07-09 14:07:09,2015-07-09 14:35:48,-73.9424285888672,40.84142303466797,-73.97154998779298,40.746387481689446
146,2015-07-18 20:12:25,2015-07-18 20:18:42,-73.93921661376953,40.802040100097656,-73.95220947265625,40.81066131591797
147,2015-07-30 19:14:30,2015-07-30 19:52:48,-73.95657348632812,40.74639129638672,-73.97901153564453,40.78426361083984
148,2015-07-21 17:31:58,2015-07-21 17:52:59,-73.84408569335938,40.72187423706056,-73.83252716064453,40.71505355834961
149,2015-07-29 21:35:39,2015-07-29 21:39:38,-73.95763397216798,40.7179069519043,-73.94355010986328,40.7256965637207
150,2015-07-12 00:19:08,2015-07-12 00:27:09,-73.95143127441406,40.82498550415039,-73.93980407714844,40.819480895996094
151,2015-07-12 12:34:25,2015-07-12 12:49:34,-73.81716918945312,40.70246887207031,-73.79827117919923,40.66720962524414
152,2015-07-26 02:44:45,2015-07-26 02:54:07,-73.958251953125,40.72163009643555,-73.93924713134764,40.7152214050293
153,2015-07-05 19:23:20,2015-07-05 19:26:05,-73.96394348144531,40.80820083618164,-73.96144866943358,40.80533599853516
154,2015-07-05 22:15:04,2015-07-05 22:47:30,-73.91808319091797,40.84598922729492,-73.92222595214845,40.84074401855469
155,2015-07-03 15:11:05,2015-07-03 15:19:55,-73.92811584472656,40.81036758422852,-73.94080352783203,40.78652572631836
156,2015-07-16 18:37:06,2015-07-16 18:58:46,-73.83409881591797,40.757915496826165,-73.87762451171875,40.75043869018555
157,2015-07-15 10:03:08,2015-07-15 10:26:22,-73.88604736328125,40.747371673583984,-73.80157470703125,40.702857971191406
158,2015-07-27 01:22:38,2015-07-27 01:31:11,-73.96087646484375,40.71429061889648,-73.97142028808595,40.69575881958008
159,2015-07-23 17:02:06,2015-07-23 17:15:57,-73.84445953369139,40.72134017944336,-73.84851837158203,40.7581787109375
160,2015-07-05 01:36:45,2015-07-05 02:08:56,-73.96643829345702,40.646732330322266,-73.90969085693358,40.87443161010742
161,2015-07-27 16:21:15,2015-07-27 16:40:51,-73.94017791748048,40.8152732849121,-73.93125152587889,40.85480117797852
162,2015-07-11 14:51:40,2015-07-11 15:00:38,-73.92616271972656,40.77215576171875,-73.94609832763672,40.74785614013672
163,2015-07-26 02:14:45,2015-07-26 02:32:50,-73.94779205322266,40.71143341064453,-73.97268676757811,40.676773071289055
164,2015-07-19 17:43:55,2015-07-19 17:57:38,-73.98128509521484,40.576030731201165,-74.00518035888672,40.611602783203125
165,2015-07-16 22:41:50,2015-07-16 22:45:23,-73.94474792480467,40.71672058105469,-73.95170593261719,40.7253532409668
166,2015-07-11 23:33:18,2015-07-11 23:39:40,-73.88574981689453,40.74746322631836,-73.87590789794923,40.74087905883789
167,2015-07-05 17:31:12,2015-07-05 17:41:53,-73.80695343017578,40.69921112060546,-73.78373718261719,40.71771240234375
168,2015-07-18 19:38:41,2015-07-18 19:48:08,-73.95023345947266,40.786865234375,-73.97720336914062,40.75899124145508
169,2015-07-24 20:29:51,2015-07-24 20:38:58,-73.96402740478516,40.807376861572266,-73.95741271972656,40.783515930175774
170,2015-07-11 23:34:13,2015-07-11 23:44:52,-73.95751190185547,40.67205810546875,-73.92404174804686,40.673770904541016
171,2015-07-11 11:55:37,2015-07-11 12:07:14,-73.97554779052734,40.67435836791992,-73.95486450195312,40.687854766845696
172,2015-07-20 15:01:21,2015-07-20 15:05:18,-73.9520492553711,40.803707122802734,-73.94353485107422,40.818603515625
173,2015-07-26 16:15:46,2015-07-26 16:26:20,-73.84426879882812,40.72136688232422,-73.85649871826173,40.73152160644531
174,2015-07-19 12:12:32,2015-07-19 12:19:46,-73.95273590087889,40.79840087890625,-73.9696273803711,40.79465103149414
175,2015-07-08 07:54:49,2015-07-08 08:06:22,-73.93344116210938,40.855350494384766,-73.89720916748048,40.84659957885742
176,2015-07-29 09:15:46,2015-07-29 09:33:29,-73.95354461669923,40.786922454833984,-73.97478485107422,40.75553131103516
177,2015-07-12 14:25:54,2015-07-12 14:38:28,-73.8792724609375,40.84116363525391,-73.91184997558595,40.84880447387695
178,2015-07-08 14:07:54,2015-07-08 14:12:33,-73.95034790039062,40.80989837646485,-73.94895935058594,40.8034553527832
179,2015-07-24 11:39:41,2015-07-24 11:52:16,-73.95339965820312,40.78675079345703,-73.97734069824217,40.77948760986328
180,2015-07-08 15:42:15,2015-07-08 16:05:42,-73.92314147949217,40.817485809326165,-73.91747283935547,40.82925033569336
181,2015-07-09 20:02:45,2015-07-09 20:09:12,-73.91573333740233,40.830390930175774,-73.91899871826173,40.83834838867188
182,2015-07-01 02:38:39,2015-07-01 02:43:47,-73.96348571777344,40.71119689941406,-73.9875259399414,40.719776153564446
183,2015-07-29 14:16:00,2015-07-29 14:27:35,-73.9513931274414,40.81007766723633,-73.93055725097656,40.82184219360352
184,2015-07-13 13:13:49,2015-07-13 13:25:08,-73.91172027587889,40.755569458007805,-73.96424102783203,40.760845184326165
185,2015-07-19 02:45:08,2015-07-19 02:59:42,-73.96522521972656,40.71090316772461,-73.96338653564453,40.71380233764648
186,2015-07-24 23:22:13,2015-07-24 23:42:48,-73.9501724243164,40.71893310546875,-73.92337036132812,40.70009613037109
187,2015-07-30 18:50:14,2015-07-30 19:18:48,-73.87813568115233,40.73956680297852,-73.7522201538086,40.70948028564453
188,2015-07-10 12:12:43,2015-07-10 12:18:51,-73.92642974853516,40.86588287353516,-73.93334197998048,40.85540771484375
189,2015-07-24 22:59:08,2015-07-24 23:04:01,-73.96446228027344,40.681739807128906,-73.95419311523438,40.685813903808594
190,2015-07-23 23:39:16,2015-07-23 23:40:07,-73.93707275390625,40.824180603027344,-73.93565368652342,40.8265380859375
191,2015-07-25 17:59:58,2015-07-25 18:06:39,-73.94335174560547,40.816104888916016,-73.95381164550781,40.81042098999024
192,2015-07-17 01:01:22,2015-07-17 01:20:10,-73.94258117675781,40.7147331237793,-73.95579528808595,40.76845169067384
193,2015-07-01 09:16:09,2015-07-01 09:37:21,-73.94072723388672,40.79304885864258,-73.9847183227539,40.769229888916016
194,2015-07-03 15:00:07,2015-07-03 15:16:00,-73.98968505859375,40.7022705078125,-73.95475006103516,40.73361206054688
195,2015-07-08 10:10:34,2015-07-08 10:17:36,-73.95392608642578,40.69105529785156,-73.98018646240233,40.689788818359375
196,2015-07-04 13:26:21,2015-07-04 13:28:40,-73.94258117675781,40.79055404663086,-73.94741821289062,40.78455352783203
197,2015-07-20 09:29:44,2015-07-20 09:58:46,-73.95431518554686,40.805763244628906,-73.97598266601561,40.75125503540039
198,2015-07-18 03:37:50,2015-07-18 03:44:17,-73.95770263671875,40.708614349365234,-73.93527984619139,40.696964263916016
199,2015-07-23 19:34:54,2015-07-23 19:47:19,-73.87767028808595,40.736492156982415,-73.82852935791014,40.70942306518555
